-2150,31.1,35.5,15,7.3
-1250,32.0,35.5,15,6.3
-759,33.2,35.7,15,7.2
-184,36.2,36.1,15,6.6
-64,36.2,36.1,15,7.4
-31,32.0,35.5,15,6.5
23,37.2,30.0,15,6.3
37,36.0,36.0,15,6.3
53,36.2,36.5,30,6.6
110,36.2,36.0,15,6.7
115,36.1,36.1,15,7.3
303,33.8,34.3,20,7.1
341,36.2,36.1,15,6.1
363,31.5,35.4,15,7.4
419,31.2,34.2,15,6.1
457,36.1,36.1,15,6.3
494,35.8,36.3,25,6.5
502,33.0,34.8,30,7.2
526,36.2,36.1,15,6.8
528,36.2,36.1,15,6.9
530,36.2,30.0,15,6.5
531,35.5,37.2,15,6.5
551,33.9,35.5,15,7.5
561,37.2,35.9,15,6.7
565,36.0,36.2,30,6.1
579,36.1,36.1,15,6.0
658,32.5,35.5,15,6.4
713,36.0,36.0,15,6.8
746,32.0,35.5,15,7.0
746,32.8,35.8,15,7.2
835,36.0,36.0,15,6.0
844,33.5,36.3,15,6.3
847,33.5,36.3,15,6.1
847,34.4,36.3,35,7.5
859,36.2,36.1,15,7.9
963,36.5,37.0,15,6.2
972,36.1,36.1,15,6.0
991,33.3,36.2,22,6.5
1003,37.1,38.8,15,6.2
1033,32.5,35.5,15,6.5
1037,37.1,38.8,15,5.8
1063,34.4,36.2,32,6.9
1091,36.25,36.1,15,5.8
1114,36.5,35.5,15,6.8
1114,37.3,36.5,40,7.4
1114,37.3,38.5,40,7.7
1151,32.6,36.7,15,6.1
1157,34.5,36.5,15,6.0
1157,35.3,36.4,15,7.2
1160,32.0,35.3,15,6.0
1170,34.7,36.4,35,7.3
1170,35.9,36.4,15,7.4
1182,32.6,36.7,15,6.5
1183,34.75,32.4,15,6.8
1190,37.15,33.2,15,6.2
1201,34.1,36.1,15,7.5
1202,32.5,35.5,15,6.8
1212,30.0,35.0,15,7.0
1222,34.5,32.5,15,6.8
1268,37.35,35.8,15,6.8
1287,35.6,35.75,15,6.2
1290,35.6,35.75,15,5.4
1339,34.3,35.5,15,7.0
1344,36.7,37.4,30,6.8
1355,35.6,35.75,15,5.4
1404,35.7,36.2,30,7.4
1407,35.7,36.3,15,7.0
1408,35.8,36.1,25,7.3
1458,31.0,35.3,15,7.1
1491,35.0,32.0,15,6.8
1546,32.0,35.3,15,6.1
1567,34.65,33.05,15,5.8
1568,35.5,35.5,12,6.1
1577,34.65,33.05,15,6.2
1588,29.0,36.0,15,7.2
1626,36.5,37.1,20,7.3
1656,34.9,36.2,15,6.8
1705,33.7,36.6,35,6.9
1718,35.1,33.4,15,6.2
1726,36.3,36.6,15,6.2
1735,35.1,33.9,15,6.2
1738,36.7,36.5,10,6.2
1752,35.6,35.75,15,6.8
1756,35.1,33.4,15,5.0
1759,33.7,35.9,30,7.4
1796,35.3,36.2,20,6.8
1802,34.0,36.2,15,6.1
1822,36.7,36.5,15,7.4
1834,31.3,35.6,15,6.2
1837,33.3,35.5,15,7.0
1842,37.5,30.0,15,5.4
1845,35.15,33.4,15,5.0
1872,36.4,36.4,15,7.2
1875,36.2,36.1,15,5.8
1876,37.7,30.2,15,5.4
1894,35.6,34.7,15,5.8
1896,34.3,33.0,15,6.5
1896,34.9,33.6,15,6.2
1900,34.0,34.5,15,5.9
1902,31.8,35.2,15,5.8
1903,37.8,32.5,5,4.7
1903,35.0,30.0,20,5.8
1903,34.6,33.3,15,5.4
1905,37.216,38.83,15,5.6
1906,34.3,33.5,15,5.6
1907,33.6,35.3,15,5.7
1907,37.6,34.5,5,6.6
1908,37.4,35.8,5,6.3
1908,37.6,36.8,30,5.5
1910,36.8,34.6,5,5.2
1910,33.8164,35.9006,10,4.9
1911,36.0,30.0,180,6.1
1914,37.629,30.021,15,7.0
1915,37.62,39.47,10,5.5
1915,36.47,36.14,10,5.4
1918,35.2,34.7,30,6.3
1918,35.077,35.608,15,6.6
1921,36.0,35.5,15,5.3
1921,34.6,34.0,15,5.6
1921,33.9967,32.998,10,5.3
1921,32.9975,35.4983,10,4.1
1921,36.4,35.2,33,5.6
1922,34.7,34.8,30,5.4
1922,37.37,32.73,30,5.2
1923,32.7001,35.4014,10,5.1
1924,34.8,34.3,15,6.1
1924,32.7054,36.2012,10,6.0
1924,35.2,33.3,30,4.8
1924,36.7,31.7,79,6.0
1924,30.7969,35.4916,10,5.0
1925,33.4087,36.1984,10,4.2
1925,37.4,30.5,15,5.2
1926,36.8,30.0,120,6.4
1926,37.0,35.0,30,5.6
1927,32.5,31.0,30,6.8
1927,34.0,34.0,15,5.2
1927,36.0,31.0,5,6.5
1927,31.922,35.633,15,6.3
1927,33.313,35.51,10,5.0
1927,34.5,34.0,15,5.4
1927,34.8,33.0,15,5.3
1928,34.7,34.7,5,5.0
1928,36.5,36.0,15,5.6
1928,30.7969,35.502,10,4.6
1929,37.24,35.3,10,4.8
1929,35.0385,36.4039,10,4.2
1930,32.7477,36.5005,10,4.4
1930,34.1,32.2,15,5.7
1930,32.0,35.5,5,4.6
1930,35.8,30.3,15,5.2
1930,34.9,33.0,15,5.3
1930,35.0,32.0,30,5.2
1930,37.5,31.3,15,6.0
1930,34.6307,36.6052,10,4.4
1931,37.5,39.5,30,5.3
1931,36.5,31.0,120,6.2
1932,36.2,33.6,15,5.6
1932,36.9,34.73,60,5.4
1933,35.1,32.8,15,5.0
1933,37.0,35.5,30,5.3
1936,35.6,31.6,15,5.3
1936,37.69,38.82,160,5.3
1936,37.0,35.5,15,5.6
1936,36.5,36.0,15,5.8
1936,36.5,31.0,15,5.3
1937,35.96,30.97,77,5.5
1937,34.7,32.7,30,5.3
1938,36.65,39.65,30,5.3
1939,36.3,30.7,33,5.5
1940,32.8,35.2,5,4.8
1940,35.7,30.5,40,5.5
1940,35.9,31.4,80,5.9
1940,32.0,35.5,5,4.8
1940,34.6307,36.6052,10,4.2
1941,35.0,34.0,100,6.3
1941,37.35,35.74,100,4.9
1943,32.6,35.4,5,5.1
1944,32.7008,35.5005,10,4.4
1945,32.754,35.4975,10,4.2
1945,37.4,35.8,15,6.0
1947,33.0,35.5,5,4.8
1947,36.46,34.66,15,5.7
1947,36.6,35.5,33,5.8
1948,36.0,31.0,45,5.8
1950,36.5,35.8,30,4.7
1950,33.0065,35.4983,10,4.2
1951,37.5,36.3,5,4.7
1951,32.263,33.3733,80,6.2
1951,36.83,30.54,120,5.7
1951,36.6,36.1,15,5.8
1951,34.3294,36.046,10,4.9
1951,36.04,31.14,15,5.4
1952,27.2008,34.5121,33,5.3
1952,36.5,35.3,15,6.0
1952,37.25,35.65,70,5.7
1953,33.5,32.0,30,5.3
1953,37.0,37.0,15,5.4
1953,35.0,32.5,15,6.5
1953,33.7015,36.0992,10,4.2
1954,37.29,29.96,40,5.2
1954,30.9,35.3,15,5.5
1954,32.4,31.4,30,4.9
1955,25.119,34.506,15,5.7
1956,33.6,35.6,16,6.0
1956,35.6998,35.9938,10,4.8
1956,30.5,35.483,10,5.4
1956,31.4644,35.5,15,6.0
1957,34.8019,36.8966,10,4.3
1957,32.5,35.9,30,5.6
1958,36.22,31.44,70,4.8
1958,36.58,30.46,80,4.9
1958,37.0,31.35,40,4.9
1959,33.4125,35.3921,10,4.2
1959,34.78,32.51,60,5.8
1959,35.74,30.08,100,5.3
1960,36.11,31.09,80,4.9
1961,37.02,36.11,100,5.0
1961,34.98,33.84,15,6.1
1962,35.73,30.34,100,4.7
1962,36.97,32.52,140,5.0
1963,34.77,32.29,49,5.3
1963,37.5,30.0,20,5.1
1964,36.9,37.9,57,4.8
1964,34.77,32.35,63,5.0
1964,35.459,35.2754,10,4.1
1964,34.5,34.5,15,4.9
1964,36.1,30.8,61,4.9
1964,36.93,30.6,133,4.3
1964,37.5,40.0,15,4.8
1964,33.2042,35.7027,10,4.6
1964,34.2,32.7,67,5.0
1964,36.81,35.33,4,4.8
1964,34.9451,35.0561,10,4.3
1964,36.4,34.2,128,5.0
1965,34.9,32.5,52,4.9
1965,36.82,30.94,111,5.2
1965,35.95,35.77,40,4.4
1965,33.3044,35.2953,10,4.5
1965,34.03,33.7,33,4.9
1965,37.24,36.22,50,4.8
1966,37.7,30.0,20,4.9
1966,36.27,31.97,109,4.5
1966,35.81,30.99,50,4.7
1966,37.05,30.98,132,5.1
1966,35.6392,35.2424,10,4.2
1966,36.84,35.92,58,4.8
1966,37.77,29.97,44,5.1
1966,32.9935,32.0,33,4.7
1966,36.1,30.7,74,4.7
1967,37.36,36.24,33,5.2
1967,34.5,32.84,41,4.9
1967,34.09,32.43,52,5.0
1967,36.2,31.3,69,4.6
1967,34.4,34.2,155,4.5
1967,37.59,30.44,49,4.8
1968,36.6,32.0,15,4.9
1968,36.25,31.54,78,4.3
1968,36.99,30.55,97,4.3
1968,34.08,35.47,37,5.1
1968,32.7005,35.6008,10,4.2
1968,36.3,36.2,33,4.4
1968,36.887,34.476,25,4.5
1968,35.34,31.292,33,4.6
1968,36.49,40.68,49,4.7
1968,35.13,32.73,65,5.1
1969,30.4904,35.0012,10,4.2
1969,37.8,31.1,33,4.4
1969,36.98,31.04,109,5.1
1969,27.61,33.91,33,6.9
1969,28.397,34.383,33,4.9
1969,27.6997,32.9,33,4.5
1969,27.084,33.277,16,4.9
1969,37.29,35.0,86,4.7
1969,37.75,35.31,55,4.8
1969,36.82,35.31,44,4.4
1969,35.2,39.15,45,5.0
1969,35.7,35.6,33,4.4
1969,35.35,31.28,30,5.3
1969,36.2,30.5,113,4.4
1970,30.1991,34.0,33,4.6
1970,35.1236,32.5652,10,4.2
1970,34.42,32.49,38,4.8
1970,36.9,33.5,33,5.5
1970,37.6,30.4,5,4.8
1970,37.1,30.0,5,4.2
1970,34.2,33.7,5,4.7
1970,36.2,31.7,56,4.3
1970,32.7,40.7,33,4.1
1970,34.59,32.21,49,4.9
1970,33.2,34.4,5,4.4
1970,35.04,39.0,34,5.1
1970,31.3922,35.5038,10,4.9
1970,34.2,33.7,5,4.3
1971,37.2411,30.2979,46,5.4
1971,33.6355,35.4328,8,5.8
1971,37.76,36.18,60,4.7
1971,37.4184,32.0707,33,4.4
1971,37.146,36.833,35,5.8
1971,36.4177,34.9735,33,4.2
1971,36.4755,30.135,33,4.3
1971,32.9067,35.7011,10,4.3
1971,37.34,30.18,49,5.5
1972,37.0,31.0,5,4.9
1972,36.6583,35.6232,33,4.1
1972,36.55,32.25,43,4.6
1972,27.649,33.76,15,5.6
1972,36.043,31.593,33,4.5
1972,35.67,31.23,68,4.6
1972,37.7889,32.7433,40,4.7
1973,37.15,30.21,32,4.4
1973,36.0557,31.3896,76,4.8
1973,32.8079,35.5938,10,4.4
1973,36.8496,30.3566,35,4.7
1974,35.44,40.09,30,4.3
1974,34.63,30.81,30,4.2
1974,36.269,31.854,33,4.3
1974,30.5918,31.6392,12,5.0
1974,34.1,37.28,33,4.9
1974,36.6265,34.7389,44,5.0
1974,35.7177,31.5235,67,4.3
1974,33.34,38.43,30,4.3
1974,29.9123,35.7065,10,4.3
1974,37.4,36.06,59,4.5
1974,37.721,31.952,33,4.3
1975,33.5383,33.0668,10,5.1
1975,36.666,36.4852,35,5.6
1975,34.5375,33.8096,34,4.7
1975,36.1938,30.7381,60,6.0
1975,37.04,31.16,107,4.3
1976,34.38,32.55,15,5.4
1976,34.3803,31.72,46,5.4
1976,36.45,32.5494,47,5.4
1976,37.55,35.9,55,4.8
1976,36.767,35.893,41,4.3
1976,37.31,30.32,15,4.2
1976,35.81,31.5,15,4.4
1976,36.37,31.81,33,4.5
1976,35.39,31.09,15,4.5
1977,36.91,30.73,90,5.2
1977,34.75,31.3,68,5.6
1977,36.1614,33.58,68,5.9
1977,36.217,31.332,66,5.9
1977,32.2041,35.4003,10,4.3
1977,37.72,32.1,31,4.3
1977,37.3102,36.1916,15,4.9
1978,34.67,33.8354,35,4.8
1978,37.0666,36.8376,42,5.0
1978,35.3,31.1,15,4.4
1978,37.5725,30.0224,28,5.2
1978,37.44,38.11,33,4.8
1979,35.9615,30.6529,62,4.7
1979,31.2,35.5,15,5.4
1979,37.5379,36.1598,45,5.2
1979,25.1608,36.5177,22,5.2
1979,36.4553,31.7217,111,6.5
1979,34.81,33.67,111,5.8
1979,35.61,31.2,80,4.1
1979,33.5956,34.5599,10,4.3
1979,37.002,30.201,10,4.6
1979,35.2,30.89,49,4.4
1979,35.904,30.8,53,4.1
1979,37.5172,35.8472,47,5.5
1980,36.557,36.466,11,4.7
1979,34.44,32.63,93,5.3
1980,35.775,31.01,66,4.3
1980,29.5804,32.5622,33,4.3
1980,36.214,33.948,51,4.5
1980,35.318,31.8578,65,4.3
1980,37.46,36.89,15,4.4
1981,36.35,36.42,52,4.8
1981,37.73,31.7163,41,4.6
1981,36.547,30.685,72,5.7
1981,36.17,35.89,63,4.9
1981,37.0957,31.1576,126,4.1
1981,37.42,30.3,10,4.2
1981,35.991,29.96,50,4.6
1981,35.84,30.14,1,4.7
1982,32.7256,35.5084,1,4.4
1982,35.9286,35.6082,45,4.5
1982,34.94,30.44,44,4.5
1982,33.5696,33.869,15,4.3
1982,27.901,34.2897,66,5.0
1982,37.74,35.4,59,4.5
1982,37.1,36.4,54,4.4
1982,35.045,33.696,71,4.8
1982,34.6094,34.0878,6,4.5
1982,26.872,34.814,10,4.8
1982,27.6318,33.8253,10,4.8
1982,35.48,31.4993,97,4.3
1982,34.898,34.015,33,4.8
1983,37.8,38.1,10,4.5
1983,28.5215,34.17,21,5.0
1983,29.825,33.8973,21,4.8
1983,29.6921,35.0713,2,4.3
1983,29.1864,34.7674,24,5.3
1983,29.8555,34.4955,1,4.4
1983,28.9213,35.6181,21,5.1
1983,37.1,30.95,101,4.5
1983,34.1278,32.7251,27,4.2
1983,33.8286,35.7479,7,5.1
1983,28.5537,33.1299,28,5.2
1983,27.22,34.47,5,4.3
1983,29.8828,34.8115,2,4.3
1983,35.7216,31.2767,33,5.0
1983,35.1482,31.6724,33,4.1
1983,34.62,33.3153,45,4.7
1983,34.8653,32.72,58,4.5
1983,33.823,32.396,191,4.5
1983,27.4482,32.1431,27,4.4
1983,29.2184,33.2872,25,4.4
1983,35.157,33.859,33,4.5
1983,37.0486,36.115,37,5.1
1984,36.726,31.022,80,4.5
1984,36.8281,30.2986,83,5.6
1984,28.6276,35.4052,14,4.2
1984,34.786,33.606,34,5.0
1984,34.7519,31.3,37,4.5
1984,36.16,33.5832,38,5.5
1984,31.3355,35.5153,23,4.3
1984,30.2085,32.1868,7,5.0
1984,30.3349,33.8767,9,4.5
1984,33.7843,32.1537,48,4.8
1984,35.7216,31.1984,47,4.5
1984,28.8481,33.3176,27,4.3
1984,36.62,31.3683,101,4.6
1984,27.39,35.24,26,4.2
1984,25.2542,34.5278,10,5.3
1984,37.63,30.14,10,4.1
1984,32.8,35.0,15,5.5
1984,35.96,30.15,7,4.3
1984,35.74,30.7,58,4.1
1984,36.102,31.083,70,4.3
1984,37.1196,36.2752,38,5.4
1984,27.654,34.006,10,4.5
1984,35.262,35.3,40,5.1
1984,29.43,32.41,5,4.2
1985,27.05,34.67,26,4.4
1985,31.92,35.53,15,5.1
1985,37.3641,30.7831,48,5.1
1985,36.86,31.7,10,4.3
1985,34.1984,37.1123,25,4.3
1985,35.56,31.21,53,4.9
1985,34.827,32.4699,44,4.7
1985,37.26,36.9774,33,4.5
1985,36.1286,31.874,10,4.1
1985,34.3387,36.2397,26,4.2
1985,35.03,33.4,66,4.4
1985,37.6,33.2861,10,4.3
1985,34.6855,32.9798,25,4.2
1985,37.55,35.47,33,4.8
1985,30.4184,35.0514,10,4.5
1985,29.1321,34.904,8,5.3
1986,27.215,34.291,10,4.3
1986,33.0651,35.738,8,4.5
1986,35.45,30.95,50,4.8
1986,32.1547,35.353,8,4.4
1986,36.01,30.433,49,4.3
1986,36.28,32.35,15,4.4
1986,35.29,35.32,49,5.2
1986,34.8,33.6693,49,4.8
1986,32.4216,30.5001,10,4.2
1986,34.67,32.31,37,5.1
1986,34.1065,32.8869,25,4.7
1986,37.1939,37.1626,38,5.2
1986,36.06,31.75,73,4.4
1986,34.68,29.98,12,4.1
1986,35.93,30.77,63,4.3
1986,36.6,31.73,130,4.8
1987,30.48,32.221,24,5.0
1987,34.6281,33.8554,39,5.2
1987,32.7448,32.1881,10,4.1
1987,31.278,35.482,10,4.4
1987,35.34,38.071,33,4.8
1987,34.7279,33.162,28,4.4
1987,35.55,35.25,15,4.9
1987,35.91,30.61,52,5.3
1987,27.0836,35.0733,10,4.9
1987,36.7399,31.0985,110,4.8
1987,29.5085,35.0569,10,5.2
1987,30.942,35.778,10,4.5
1987,31.1942,35.3363,7,4.3
1987,37.64,37.56,10,4.9
1987,34.7244,32.9604,22,4.8
1987,32.4198,36.8551,7,4.1
1987,30.722,31.699,10,4.2
1987,37.02,36.02,10,4.5
1988,36.35,35.47,10,5.0
1988,37.2184,30.6,9,4.6
1988,32.16,35.44,10,4.3
1988,30.5014,35.1748,8,4.2
1988,37.6,30.02,10,4.3
1988,27.969,33.775,10,4.6
1988,36.68,31.55,103,4.1
1988,35.861,35.713,25,4.7
1988,35.72,31.22,10,4.4
1988,28.5086,34.4314,4,4.3
1988,27.4387,35.4027,13,4.3
1988,27.8814,34.6491,13,4.3
1988,28.2691,33.5411,20,4.2
1988,36.629,30.397,28,5.2
1988,37.58,32.15,12,4.8
1989,32.4553,35.501,13,4.3
1989,35.1617,37.6823,9,4.1
1989,37.1668,30.9462,132,4.3
1989,37.44,36.42,10,4.4
1989,31.8593,37.5167,33,5.6
1989,26.897,34.917,10,4.4
1989,34.3467,32.4475,12,4.1
1989,36.3679,31.9288,109,4.2
1989,36.7119,35.9299,46,5.4
1989,26.704,33.494,25,4.1
1989,37.151,31.09,125,4.3
1989,35.98,30.78,62,4.6
1989,36.46,34.8,61,4.1
1989,35.9282,31.7132,140,4.3
1989,30.0248,36.0347,16,4.2
1989,35.48,31.09,22,4.3
1989,27.6212,33.9122,14,4.2
1989,28.757,34.7204,21,4.3
1989,34.5679,32.91,28,4.5
1989,37.7,30.25,28,4.4
1989,28.0606,33.8085,10,4.0
1989,33.1,31.41,33,4.3
1989,28.4154,33.3322,25,4.8
1989,35.39,31.9152,82,4.2
1990,27.599,34.231,10,4.4
1990,35.9,31.9,10,4.1
1990,27.036,32.729,10,4.3
1990,37.166,30.2086,111,4.6
1990,36.17,30.22,10,4.2
1990,28.005,34.575,5,4.3
1990,32.36,31.0,33,4.5
1990,28.8637,34.9284,1,4.1
1990,36.2,31.5,10,4.1
1990,35.8,31.1,33,4.2
1990,29.1861,34.8191,5,4.2
1990,36.738,31.202,85,4.3
1990,29.0479,31.8337,10,4.1
1990,29.5333,32.6387,6,4.1
1990,28.512,32.7175,7,4.2
1990,36.22,31.8,10,4.3
1990,27.194,35.1128,10,4.6
1990,37.05,33.99,24,4.3
1990,35.85,35.62,10,4.6
1990,34.64,32.94,25,4.3
1990,29.0594,33.2198,10,4.3
1990,34.65,33.92,50,4.6
1991,34.4176,32.2081,50,4.5
1991,36.161,31.164,10,4.2
1991,37.032,30.966,112,5.6
1991,35.35,31.16,52,4.5
1991,33.7389,36.9147,10,4.7
1991,27.6803,33.7855,10,4.3
1991,37.3093,36.1444,33,5.5
1991,37.61,32.047,10,4.0
1991,36.086,31.086,87,4.4
1991,28.5999,35.0157,16,4.1
1991,29.1177,34.6832,14,4.3
1991,35.215,31.895,33,4.3
1991,34.5278,34.0859,22,4.3
1991,28.3389,34.6952,25,4.3
1991,27.6779,33.8996,17,4.3
1991,36.1372,35.8343,10,4.8
1991,34.4195,32.1493,4,4.2
1991,31.0802,35.5415,10,4.2
1991,29.536,32.591,31,4.5
1991,36.84,34.82,33,4.4
1991,33.7192,36.792,10,4.9
1991,34.768,32.997,41,4.2
1991,27.8306,34.8919,6,4.3
1991,28.8644,33.2404,14,4.4
1991,29.1,34.6193,8,4.2
1991,28.546,32.7055,25,4.5
1991,36.162,31.792,106,5.6
1992,31.2133,35.3799,16,4.1
1992,35.1725,37.0249,10,4.4
1992,34.454,35.925,5,4.3
1992,33.823,35.6439,7,4.3
1992,37.3074,30.9453,25,5.1
1992,30.165,32.036,10,4.5
1992,36.7424,30.4384,42,5.1
1992,37.56,36.83,7,4.5
1992,25.905,37.526,10,4.8
1992,25.8474,35.9774,10,4.8
1992,35.438,31.061,69,4.5
1992,35.11,30.52,52,4.2
1992,36.09,30.82,75,4.4
1992,27.4319,34.6554,10,4.5
1992,31.2891,35.5711,0,4.0
1992,27.974,34.393,10,4.3
1992,27.4515,33.9457,10,4.7
1992,28.1585,33.831,10,4.5
1992,30.55,35.209,10,4.3
1992,29.778,31.144,21,5.9
1992,27.5331,32.4697,16,4.3
1992,28.8543,33.1215,18,4.6
1992,26.2729,40.4944,10,4.0
1992,29.491,34.858,10,4.3
1992,29.9111,35.1417,8,4.2
1992,34.995,33.18,66,4.3
1992,35.034,30.932,10,4.2
1992,35.3306,31.3086,71,4.2
1992,35.98,31.1269,64,4.8
1993,37.136,30.565,10,4.0
1993,33.8,32.129,28,4.4
1993,35.357,31.156,33,4.6
1993,34.7004,34.3819,27,6.0
1993,27.813,30.886,10,4.0
1993,28.6935,31.5348,10,4.0
1993,27.6288,33.8054,10,4.4
1993,29.264,30.7251,10,4.0
1993,37.2419,30.7113,159,4.6
1993,36.512,30.026,10,4.2
1993,33.63,34.71,10,4.3
1993,29.28,37.12,5,4.0
1993,27.9941,34.5182,16,4.3
1993,37.14,36.86,34,4.3
1993,33.9195,35.5937,2,4.2
1993,27.4703,34.8808,6,4.8
1993,31.236,35.278,10,4.4
1993,31.0735,35.7904,10,4.3
1993,28.7808,34.5708,10,6.2
1993,29.679,34.141,10,4.6
1993,29.13,35.4304,33,4.4
1993,27.8078,35.3317,16,4.2
1993,36.07,31.01,66,4.4
1993,28.3726,35.2058,5,5.5
1993,32.93,33.98,10,4.3
1993,30.557,32.6098,24,4.1
1993,33.758,35.628,10,4.3
1994,28.0167,32.3817,7,4.5
1994,28.7612,33.2252,7,4.7
1994,36.9878,35.8112,37,5.6
1994,29.4881,34.93,13,4.0
1994,27.7604,34.5298,14,4.5
1994,28.068,32.9809,25,4.1
1994,35.163,32.63,33,4.2
1994,27.813,33.771,10,4.1
1994,31.604,30.185,10,4.1
1994,37.59,30.07,8,4.4
1994,37.76,37.48,10,4.7
1994,30.1086,33.8932,9,4.2
1994,37.493,36.189,10,4.7
1994,33.7534,35.6148,2,4.2
1994,34.53,33.2556,22,4.3
1994,35.6643,35.5944,10,4.4
1994,32.0461,35.5005,18,4.3
1994,27.9053,34.757,18,4.7
1994,35.93,30.0761,50,4.2
1994,36.5989,30.0019,11,5.4
1994,35.3308,39.6024,23,6.0
1995,34.9988,34.43,45,4.5
1995,35.775,34.253,40,5.6
1995,35.0217,32.2326,20,6.1
1995,27.943,34.643,10,4.8
1995,35.232,31.24,10,4.4
1995,27.6371,34.0191,10,4.7
1995,27.09,34.72,5,4.1
1995,36.1,31.33,70,4.4
1995,37.37,36.1,48,5.1
1995,37.15,34.85,38,4.7
1995,34.2098,35.6546,9,4.1
1995,35.5,33.5,10,4.3
1995,37.25,38.59,7,4.2
1995,34.668,33.0562,9,4.3
1995,25.179,36.425,10,4.3
1995,35.99,35.27,31,4.2
1995,37.65,35.44,15,4.4
1995,28.826,34.799,10,7.2
1995,29.9581,34.3982,13,4.4
1995,28.75,35.93,14,4.3
1995,27.8911,34.8992,1,4.3
1995,28.9235,33.5835,33,4.2
1995,29.561,35.24,8,5.1
1995,31.77,34.14,24,4.8
1996,35.9925,35.6171,25,4.2
1996,36.9,30.35,83,4.6
1996,36.8777,36.0676,37,4.6
1996,37.76,36.34,10,5.3
1996,35.52,34.58,31,4.3
1996,34.21,33.32,12,4.1
1996,27.0652,33.7927,10,4.2
1996,27.6443,34.4729,10,4.4
1996,27.0424,34.9084,6,4.3
1996,29.5572,32.6788,5,4.3
1996,34.7496,34.6702,60,4.4
1996,35.61,35.81,12,5.1
1996,34.6714,33.6711,46,4.1
1996,30.1,36.53,38,4.0
1996,33.789,35.855,15,4.0
1996,36.1884,31.9428,105,4.7
1996,37.18,35.67,28,4.4
1996,34.556,32.126,33,6.8
1996,35.32,32.0073,85,4.7
1996,34.8815,31.1399,5,4.4
1996,32.019,30.972,10,4.3
1996,33.67,32.0,5,4.4
1996,35.858,31.3815,42,4.2
1996,35.7,32.58,12,4.1
1996,29.746,34.798,10,4.4
1996,30.3735,32.4197,49,4.7
1996,27.6312,33.1516,25,5.5
1996,34.2938,38.5787,43,5.8
1996,36.0559,31.3559,13,4.4
1996,36.9801,30.9819,115,4.2
1996,36.6164,37.3331,12,4.3
1997,36.84,35.93,10,4.5
1997,36.14,36.12,23,5.8
1997,33.7,32.239,33,4.2
1997,27.535,34.192,10,4.8
1997,36.2181,30.6282,73,4.3
1997,33.703,35.4073,5,5.8
1997,34.9239,33.0559,52,5.8
1997,27.9694,34.7165,3,5.1
1997,32.758,35.3714,20,4.2
1997,35.86,31.78,7,4.1
1997,28.0304,35.3492,5,4.3
1997,36.6459,31.4241,121,4.6
1997,28.0807,34.1365,23,4.2
1997,35.1,33.79,15,4.5
1997,35.92,31.12,5,4.0
1997,37.0858,36.4634,27,4.1
1997,37.488,37.7474,10,4.1
1997,35.12,35.15,16,4.5
1997,32.7189,36.4659,5,4.2
1997,36.91,30.89,10,4.7
1997,35.48,34.76,14,4.2
1997,35.968,31.282,10,4.1
1998,27.69,34.876,10,4.1
1998,37.54,38.26,10,4.4
1998,28.023,33.6502,5,4.4
1998,29.7644,34.5757,28,4.3
1998,27.0607,35.1988,5,4.2
1998,29.5512,32.8577,25,4.1
1998,37.0864,30.4999,101,4.1
1998,36.96,35.52,18,6.6
1998,36.6865,33.6814,5,4.1
1998,34.65,33.95,54,4.3
1998,28.8559,34.842,10,4.1
1998,36.92,31.24,26,4.0
1998,37.2992,36.32,7,4.4
1998,29.7,34.63,16,4.7
1998,27.6839,34.161,12,4.5
1998,31.12,33.72,2,4.1
1998,36.64,36.71,13,4.2
1998,37.73,34.27,1,4.3
1998,26.7228,31.0283,10,4.5
1998,32.7768,35.6297,2,4.0
1998,35.835,33.9284,25,4.6
1999,33.847,35.079,9,4.3
1999,37.771,38.18,8,4.3
1999,37.07,37.073,13,4.7
1999,36.159,31.16,63,6.2
1999,36.721,31.782,40,4.7
1999,35.26,32.39,8,4.0
1999,27.864,33.624,5,5.0
1999,34.477,32.176,43,5.9
1999,32.411,35.39,10,4.3
1999,34.929,33.83,55,4.5
1999,28.248,34.714,23,5.8
1999,34.0285,35.7412,5,4.0
1999,37.737,30.878,8,4.5
1999,35.87,33.94,33,4.0
1999,35.59,32.45,5,4.0
1999,34.706,32.923,36,5.8
1999,35.071,30.535,39,6.3
1999,28.564,32.993,12,4.5
1999,28.657,35.277,5,4.3
1999,37.496,38.597,12,5.2
1999,35.475,37.681,5,5.2
1999,29.35,35.936,10,4.2
1999,29.363,34.986,62,5.1
1999,28.955,31.507,12,6.1
1999,30.409,35.0,13,4.6
1999,37.3,36.33,5,4.4
1999,37.2,37.087,15,4.0
1999,37.726,36.009,0,4.2
1999,30.231,31.44,34,5.5
2000,36.81,36.47,6,4.0
2000,27.52,34.08,19,4.3
2000,36.89,37.045,11,4.1
2000,35.44,31.26,15,4.0
2000,37.629,37.37,27,5.0
2000,36.67,34.26,33,4.1
2000,35.97,30.36,53,4.5
2000,33.765,32.486,25,4.2
2000,36.142,35.213,35,5.1
2000,28.542,33.24,18,4.8
2000,37.47,36.17,4,4.2
2000,29.378,35.049,22,4.2
2000,29.652,32.547,23,5.1
2000,27.58,33.56,29,4.3
2000,37.084,36.8,10,4.0
2000,37.08,33.213,33,4.3
2000,36.81,34.13,4,4.0
2000,28.937,32.856,23,4.7
2000,36.734,32.013,5,4.2
2000,33.562,33.169,37,4.8
2000,28.613,34.817,17,5.4
2000,34.69,32.4,66,4.2
2001,28.207,32.68,15,4.9
2001,30.221,36.533,33,4.1
2001,35.968,34.14,15,4.1
2001,37.16,34.88,10,4.2
2001,37.744,30.225,17,4.5
2001,29.295,34.927,23,4.7
2001,31.756,30.859,25,4.6
2001,35.97,36.125,19,4.0
2001,34.7213,32.7132,9,4.2
2001,35.25,32.73,12,4.3
2001,36.012,30.608,79,4.2
2001,36.433,35.656,25,4.4
2001,33.911,35.9264,5,4.3
2001,35.71,35.24,14,4.6
2001,34.497,32.01,36,4.5
2001,29.855,31.235,10,4.6
2001,33.765,32.705,25,4.2
2001,36.04,34.11,19,4.4
2001,37.12,36.28,27,5.8
2001,27.438,34.895,20,4.2
2001,36.12,38.86,10,4.4
2001,35.467,31.169,25,4.2
2001,35.34,31.69,5,4.1
2001,27.385,34.044,10,4.9
2001,34.4266,34.11,25,4.2
2001,26.887,34.887,10,4.6
2001,34.959,33.776,63,4.8
2001,36.07,31.1,11,4.3
2001,35.971,32.315,33,4.7
2001,30.4704,35.2799,9,4.3
2001,36.871,35.232,10,5.3
2001,36.57,31.29,17,4.3
2001,34.7637,32.4838,9,4.2
2001,35.24,32.57,8,4.4
2001,28.8227,34.7357,5,4.1
2001,30.2162,32.1371,25,4.0
2001,35.595,31.414,62,4.3
2001,34.528,33.12,5,4.2
2001,29.638,30.896,10,4.6
2001,28.6832,33.2901,6,4.3
2001,35.158,35.656,7,4.0
2001,27.9045,34.7309,6,4.5
2002,34.203,34.854,5,4.5
2002,37.581,31.464,10,4.4
2002,32.061,39.468,15,4.3
2002,35.649,31.589,61,4.8
2002,33.244,32.278,44,5.1
2002,28.096,35.6636,1,4.3
2002,28.9476,34.7928,14,4.3
2002,34.4955,33.4861,25,4.2
2002,37.76,30.51,49,4.4
2002,27.656,33.776,5,4.3
2002,36.27,30.98,10,4.3
2002,35.22,32.59,66,4.4
2002,36.49,30.48,29,4.3
2002,34.872,33.152,66,4.6
2002,34.59,32.06,15,4.3
2002,34.72,37.37,25,4.4
2002,37.176,30.928,115,4.5
2002,27.86,34.18,10,4.0
2002,37.137,37.307,9,5.1
2002,30.322,31.442,18,5.2
2002,35.8743,37.9283,25,4.8
2002,35.237,37.232,9,5.0
2002,36.64,36.83,10,4.2
2002,26.988,35.082,3,4.7
2002,36.94,35.079,6,4.4
2002,35.94,38.99,6,4.0
2002,34.6341,36.206,19,4.2
2002,35.7561,33.3718,48,5.3
2002,36.61,31.11,18,4.0
2002,36.465,30.42,80,4.1
2002,35.18,32.64,68,4.6
2002,35.67,31.1,67,4.2
2002,34.9105,39.7055,5,4.5
2002,34.6027,34.1539,28,4.0
2002,28.0655,34.7776,10,4.7
2002,35.96,36.31,14,4.5
2002,37.4643,36.1872,29,5.1
2002,27.651,34.166,6,4.0
2003,36.57,36.5,13,4.2
2003,35.59,32.246,25,4.3
2003,34.5024,31.3101,60,4.6
2003,35.0363,32.03,56,4.3
2003,34.3162,32.3183,22,4.2
2003,36.574,38.121,5,4.0
2003,36.8883,31.5334,11,5.5
2003,35.02,34.44,45,4.8
2003,27.1137,31.9481,10,4.9
2003,36.0354,30.7602,64,4.7
2003,35.4657,31.1805,57,4.5
2003,28.8239,34.7937,2,4.4
2003,37.4306,35.8108,9,4.0
2003,37.66,36.325,1,4.2
2003,27.6434,33.6293,5,4.1
2003,34.26,34.61,33,4.1
2003,34.89,33.17,26,4.7
2003,37.05,36.34,16,4.4
2003,28.1304,34.0642,18,4.3
2003,28.2412,34.6294,18,4.3
2003,27.142,34.248,5,4.2
2003,33.6616,31.6081,27,4.4
2004,36.4257,35.7362,6,4.4
2004,34.62,32.09,10,4.2
2004,34.85,33.84,59,4.6
2004,33.8395,36.6767,9,4.7
2004,37.5004,36.1936,12,4.0
2004,27.2311,33.4779,6,4.2
2004,35.96,30.53,11,5.1
2004,37.22,30.4,30,4.3
2004,35.7959,31.531,25,4.2
2004,31.37,35.54,12,4.5
2004,34.6,30.94,27,4.6
2004,26.87,33.81,10,4.3
2004,36.82,34.76,9,4.1
2004,37.495,36.313,12,4.5
2004,26.876,34.35,10,4.5
2004,35.47,31.13,60,4.4
2004,27.9531,33.9604,4,4.1
2004,27.8164,36.9771,10,5.4
2004,27.1946,37.5291,6,4.8
2004,31.9815,35.4999,23,5.7
2004,37.56,32.89,10,4.0
2004,27.6258,34.3282,20,4.2
2004,36.789,34.348,9,4.8
2004,24.685,36.391,10,4.3
2004,36.9566,30.322,8,4.5
2004,37.1187,35.5872,24,4.0
2004,35.7263,31.6092,71,4.3
2004,34.3321,33.2383,43,5.6
2004,29.9466,34.4182,13,4.2
2004,34.42,32.12,48,4.2
2004,35.09,32.83,54,4.1
2004,35.77,40.36,28,4.3
2004,28.8925,34.9502,10,4.1
2004,34.4343,32.1148,25,4.3
2005,36.65,35.2008,24,4.3
2005,34.467,37.6,10,4.3
2005,31.1593,35.4918,11,4.3
2005,28.838,35.2777,2,4.3
2005,35.8522,36.387,9,4.2
2005,33.1136,32.7868,39,4.5
2005,29.621,31.905,10,4.4
2005,35.24,32.54,42,4.6
2005,35.6607,31.5401,59,5.2
2005,35.372,39.212,10,4.8
2005,31.2615,35.3826,14,4.3
2005,35.8483,30.8608,33,4.1
2005,28.0013,34.5404,24,4.2
2005,37.007,35.94,10,4.3
2005,29.67,31.12,22,4.1
2005,36.6903,31.2021,86,4.3
2005,34.777,30.917,25,4.1
2005,35.5003,34.3838,17,4.0
2005,37.4987,36.0953,10,4.0
2005,35.126,33.744,46,4.0
2005,32.0051,35.5219,31,4.7
2005,36.967,30.377,10,4.3
2005,28.73,32.93,21,4.6
2006,36.672,34.765,4,4.3
2006,36.8754,35.9305,11,4.5
2006,27.884,34.411,2,5.2
2006,34.3887,32.1576,28,4.2
2006,36.0799,35.8791,7,4.3
2006,37.452,37.6,6,4.2
2006,35.3,35.52,38,5.0
2006,37.33,34.72,1,4.3
2006,34.1584,35.2018,2,4.3
2006,37.481,36.8297,12,4.2
2006,34.891,30.6411,68,4.9
2006,34.46,32.09,15,4.0
2006,26.2721,35.5737,12,5.5
2006,35.1182,38.198,13,4.3
2006,31.9889,35.5148,10,4.7
2006,36.85,32.316,16,4.9
2006,35.87,35.56,18,4.6
2006,34.8737,33.9345,45,5.0
2006,28.5768,31.6436,10,5.4
2006,36.2809,38.6964,3,4.0
2006,36.8822,30.3667,8,4.5
2006,34.32,32.309,48,4.2
2007,35.2658,31.2264,51,5.2
2007,36.946,35.4596,27,5.9
2007,31.0718,35.5235,9,5.1
2007,35.6155,40.058,9,4.0
2007,27.7075,34.8554,6,4.3
2007,36.6079,36.6061,7,4.0
2007,26.672,34.979,10,4.6
2007,37.321,33.261,15,4.9
2007,35.9888,35.754,6,4.2
2007,35.4,40.338,10,4.1
2007,36.5563,39.873,7,4.1
2007,35.6469,32.1894,35,4.0
2007,34.9682,33.1345,59,5.4
2007,36.03,31.391,10,4.2
2007,34.6689,32.3003,5,4.1
2007,31.8128,31.7285,10,4.3
2007,30.0438,30.8305,10,4.2
2007,36.8088,31.1087,86,4.4
2007,31.6498,35.5915,5,5.3
2007,31.86,34.94,12,4.8
2007,37.2689,31.1045,143,4.2
2007,28.563,33.1812,10,4.3
2007,28.84,34.87,1,4.3
2008,37.5333,35.7701,4,4.6
2008,36.4022,40.7933,10,4.0
2008,33.3222,35.3305,10,5.9
2008,35.9845,31.569,10,4.3
2008,34.3653,32.1282,16,5.0
2008,27.3473,35.2423,10,4.2
2008,28.7704,34.7073,8,4.4
2008,37.1677,31.0319,127,4.2
2008,27.56,33.28,31,4.2
2008,27.29,34.34,10,4.4
2008,27.9581,34.6908,14,4.3
2008,34.4349,32.8129,30,4.7
2008,29.782,30.637,6,4.5
2008,35.48,31.42,35,4.3
2008,37.6729,37.5022,1,4.5
2008,37.5092,38.4985,5,5.3
2008,27.7774,33.1523,5,4.1
2008,35.9124,31.6843,89,4.6
2008,36.6605,30.0755,62,4.4
2008,34.8157,34.0438,28,4.8
2008,37.1065,30.3418,84,4.3
2008,26.9968,35.0151,10,4.3
2008,35.815,30.357,43,4.3
2009,34.139,33.059,10,4.4
2009,36.5522,40.2223,14,4.1
2009,37.1439,36.3548,14,5.1
2009,32.503,34.4252,15,4.3
2009,35.9237,31.024,55,4.1
2009,35.1764,40.5444,5,4.5
2009,35.5602,33.4331,1,4.0
2009,34.0717,35.7182,29,4.4
2009,25.272,37.75,15,7.3
2009,27.4373,34.6967,10,4.2
2009,36.1321,36.0173,16,5.0
2009,35.9525,30.0781,31,4.6
2009,33.305,35.348,10,4.2
2009,35.7876,37.6514,11,4.0
2009,37.4711,35.7053,15,5.0
2009,35.9604,34.3913,19,4.0
2009,34.709,32.9523,17,5.2
2009,36.6415,36.5874,6,4.0
2009,34.6028,32.2673,14,4.0
2009,36.5251,30.7922,63,4.5
2009,35.8958,30.0506,28,5.3
2009,35.7334,31.5347,51,5.8
2009,34.7724,30.8064,13,4.1
2009,28.8208,34.6294,1,4.2
2010,37.5068,35.576,12,4.1
2010,33.4741,34.7396,21,4.3
2010,27.6239,33.6646,15,4.0
2010,37.3043,37.1895,9,4.2
2010,34.384,30.785,38,4.3
2010,27.8358,34.5974,10,4.4
2010,37.7032,36.1357,7,4.3
2010,28.9686,34.7589,9,4.4
2010,34.7337,30.0244,25,5.0
2010,36.9509,30.3928,9,4.7
2010,34.987,32.885,35,4.7
2010,37.5405,35.5757,15,4.4
2010,36.563,35.9986,16,5.2
2010,37.314,36.3921,14,5.2
2010,27.2963,34.9096,10,4.2
2011,32.6675,35.6319,11,4.3
2011,32.3751,30.7706,35,4.3
2011,27.819,34.019,10,4.5
2011,34.7325,37.0353,3,4.0
2011,34.931,34.55,15,4.2
2011,37.2828,30.6052,11,5.0
2011,34.4592,32.1252,30,4.8
2011,37.4701,35.5882,13,4.6
2011,33.7759,32.0989,14,4.2
2011,36.2233,40.692,5,4.0
2011,35.9197,30.0377,7,4.1
2011,34.4509,32.8419,7,4.4
2011,26.802,34.994,10,4.3
2011,27.0028,34.5611,1,4.2
2011,32.5686,34.4731,30,4.4
2011,33.1818,34.5448,5,4.3
2011,35.8183,31.1891,32,4.5
2011,37.3586,36.3213,8,4.3
2011,35.5219,30.1318,37,4.9
2011,35.7299,32.1029,30,4.1
2011,28.5611,34.7197,3,4.2
2011,27.7942,34.1011,17,4.8
2011,33.159,35.5821,11,4.2
2011,36.916,30.3801,66,4.4
2012,36.1135,31.1176,61,4.8
2012,37.4807,38.6755,6,4.3
2012,29.867,30.561,10,4.3
2012,34.752,32.453,41,4.2
2012,27.8678,32.9543,10,4.3
2012,35.3338,31.4067,10,4.7
2012,31.3087,35.415,23,4.0
2012,36.9751,37.0772,9,4.9
2012,36.041,33.731,5,4.2
2012,34.6105,32.9742,10,4.4
2012,34.304,34.142,16,5.4
2012,35.7727,31.0533,5,4.9
2012,37.542,36.3795,10,5.2
2012,37.3203,37.1173,8,5.3
2012,34.773,29.97,36,4.6
2012,37.459,35.689,26,4.5
2012,32.539,30.979,9,5.1
2012,36.586,31.345,30,4.3
2013,31.98,30.623,10,4.9
2013,27.6802,32.6074,32,4.2
2013,35.992,34.583,17,4.2
2013,27.8036,34.3608,1,4.6
2013,27.969,33.4229,10,4.2
2013,37.4167,35.6808,10,4.3
2013,28.4354,33.0428,32,4.9
2013,36.03,35.89,17,4.4
2013,36.3023,34.3252,5,4.6
2013,35.0495,31.487,55,4.3
2013,37.4222,36.217,5,4.4
2013,35.4356,31.8905,70,4.2
2013,35.1081,30.6052,48,4.2
2013,36.9447,31.1494,123,4.5
2013,36.028,31.31,40,6.0
2014,34.7238,32.7204,12,4.2
2014,36.74,36.08,10,4.9
2014,36.785,35.175,6,4.2
2014,28.0929,34.6642,2,4.3
2014,27.5615,34.7695,6,4.4
2014,30.4765,35.3005,20,4.6
2014,35.813,32.06,71,4.5
2014,35.1228,33.9098,54,4.3
2014,36.599,29.997,82,4.1
2014,33.559,35.5598,1,4.2
2014,36.083,30.215,5,4.3
2014,30.1728,32.4114,10,4.3
2014,29.7388,32.1492,5,4.7
2014,30.6537,31.7603,5,4.3
2014,37.683,30.6288,7,5.2
2014,33.7734,36.1504,10,4.4
2014,35.3715,35.6011,10,4.2
2014,35.7435,30.3332,7,4.2
