-2150,35.5,31.1,15,7.3
-1250,35.5,32,15,6.3
-759,35.7,33.2,15,7.2
-334,30,37.9,15,6.5
-184,36.1,36.2,15,6.6
-90,30,37.9,15,6.6
-64,36.1,36.2,15,7.4
-31,35.5,32,15,6.5
23,30,37.2,15,6.3
37,36,36,15,6.3
53,36.5,36.2,30,6.6
110,36,36.2,15,6.7
115,36.1,36.1,15,7.3
303,34.3,33.8,20,7.1
341,36.1,36.2,15,6.1
363,35.4,31.5,15,7.4
419,34.2,31.2,15,6.1
457,36.1,36.1,15,6.3
494,36.3,35.8,25,6.5
502,34.8,33,30,7.2
526,36.1,36.2,15,6.8
528,36.1,36.2,15,6.9
530,30,36.2,15,6.5
531,37.2,35.5,15,6.5
551,35.5,33.9,15,7.5
561,35.9,37.2,15,6.7
565,36.2,36,30,6.1
579,36.1,36.1,15,6
658,35.5,32.5,15,6.4
713,36,36,15,6.8
746,35.5,32,15,7
746,35.8,32.8,15,7.2
835,36,36,15,6
844,36.3,33.5,15,6.3
847,36.3,33.5,15,6.1
847,36.3,34.4,35,7.5
859,36.1,36.2,15,7.9
963,37,36.5,15,6.2
972,36.1,36.1,15,6
991,36.2,33.3,22,6.5
1002,36.5,36.5,18,6.9
1003,38.8,37.1,15,6.2
1011,39.5,39.74,15,6.7
1016,35.5,32.2,15,5.5
1032,35.1,34.8,15,7
1033,35.5,32.5,15,6.5
1037,38.8,37.1,15,5.8
1045,39.5,39.7,15,6.8
1046,40,39,30,7.9
1047,35.5,31,15,6.5
1060,35.5,32.2,15,6.1
1063,36.2,34.4,32,6.9
1068,35.3,30.1,15,6.9
1068,35.3,32.6,15,7
1091,36.1,36.1,15,6.5
1094,36.2,33.3,15,5.2
1097,36.1,36.2,15,5.8
1105,35.2,31.8,15,5.3
1111,31.2,30,15,5.8
1114,35.5,36.5,15,6.7
1114,36.5,37.3,40,7.2
1114,38.5,37.3,40,7.4
1117,35.2,33.1,15,6.3
1121,37.8,38.5,15,7
1138,37.1,36.1,15,7.1
1149,36.4,35.9,30,6.7
1150,35.5,31.8,15,6.5
1151,36.7,32.6,12,6
1156,36.6,36.5,30,7.4
1157,36.3,35.1,15,7.2
1160,32.6,32,15,6
1160,35.3,32,15,6
1160,35.3,34.7,15,6.5
1163,36.1,36.2,15,6.8
1165,39.5,39.7,15,6.5
1168,39.5,39.74,15,6.2
1170,39.5,39.74,15,6.7
1170,36.4,34.7,35,7.1
1170,36.4,35.9,15,7.4
1182,36.7,32.6,15,6.5
1183,32.4,34.75,15,6.3
1190,33.2,37.15,15,6.2
1201,36.1,34.1,15,7.5
1202,35.5,32.5,15,6.8
1205,35.5,38.72,15,7
1212,35,30,15,7
1213,32.3,37.2,15,7
1222,32.5,34.5,15,6.8
1236,39.5,39.7,15,5.8
1251,39.5,39.74,15,6.7
1254,39.5,39.7,15,7
1259,35.5,32.5,15,6.5
1261,35.5,34,15,7.1
1268,35.8,37.35,15,6.8
1280,39.5,39.7,15,5
1281,39.5,39.75,15,5.4
1284,36.2,33.3,15,6.3
1284,38.6,38,15,6.8
1287,35.75,35.6,15,6.2
1287,39.5,39.74,15,6.7
1287,36.7,34.7,15,5.8
1287,35.5,33,15,6.5
1290,35.75,35.6,15,5.4
1290,39.5,39.75,15,5.4
1293,31.2,30,15,5.3
1293,34.9,32,15,6
1308,39.5,39.74,15,6.5
1322,36.3,33.5,15,5.2
1339,35.5,34.3,15,6.9
1343,36.2,33.3,30,6.5
1343,37.4,37.3,15,7.6
1344,39.5,39.7,15,5
1347,31.2,30,15,4.8
1350,32.6,34.7,15,7
1352,31.2,30,15,4.4
1355,35.75,35.6,15,5.4
1355,39.5,39.7,15,5.8
1366,35.5,33,15,4.8
1373,31.2,30,15,4.4
1374,39.5,39.74,15,6.5
1385,31.2,30,15,4.2
1386,31.2,30,15,4.2
1392,33,35,15,6.5
1399,36.3,33.5,15,4.2
1403,37.2,36.2,15,6.5
1404,36.2,35.7,30,7.2
1407,36.3,35.7,15,7
1419,39.5,39.7,15,6.2
1422,39.5,39.74,15,6.7
1422,31.2,30,15,4.2
1425,31.2,30,15,5.2
1433,39.5,39.75,15,5.4
1434,31.2,30,15,4.6
1438,31.2,30,15,4.1
1455,31.2,30,15,4.6
1457,39.5,39.7,15,7
1458,35.5,31,15,7.1
1467,31.2,30,15,5.2
1476,31.2,30,15,4.8
1479,33.4,35.2,15,5
1482,39.5,39.7,15,7
1483,31.2,30,15,4.4
1484,37.2,36.2,15,4.8
1491,33.4,34.9,15,6.5
1491,32,35,15,6.8
1498,31.2,30,15,4.8
1513,36.5,37.5,14,7.5
1543,39.5,39.74,15,5.8
1544,37,38,10,6.8
1546,35.3,32,15,6.1
1567,33,34.5,15,5.3
1567,33.05,34.65,15,5.4
1568,35.5,35.5,12,6.1
1577,33,34.5,15,5.8
1578,39.5,39.74,15,6.5
1584,39.5,39.75,15,6.8
1588,36,29,15,7.2
1588,31.6,29.4,15,5.2
1626,37.1,36.5,20,7.1
1656,36.2,34.9,15,6.7
1666,39.5,39.74,15,6.5
1705,36.6,33.7,35,6.8
1714,35.5,38.72,15,6.5
1717,35.5,38.7,15,6.2
1718,33.25,35.1,15,6.2
1726,36.6,36.3,15,6.1
1735,33.9,35,15,6.2
1738,36.5,36.7,10,6.2
1746,36,33,15,5.2
1752,35.75,35.6,15,6.8
1753,36,33,15,6
1754,37,39.75,15,6.5
1756,33.4,35.1,15,5
1759,35.9,33.7,15,7.4
1767,30.55,38.53,15,6.5
1784,39.5,39.74,15,6.7
1789,40,39,40,7.1
1795,30.5,38.76,15,6.7
1796,36.2,35.3,20,6.7
1802,36.2,34,15,6.1
1814,35.8,32.8,15,6
1822,36.75,36.7,15,7.4
1834,35.6,31.3,15,6.2
1835,35.5,38.72,15,6.5
1837,35.5,33.3,15,7
1845,33.4,35.15,15,5
1847,30.8,29.7,15,5.9
1863,30.6,38.5,10,6.4
1866,39.4,38.4,15,6.7
1868,33,32,15,5.6
1872,36.4,36.4,15,7.2
1874,39.5,38.5,14,7.2
1875,30.2,38.1,15,7
1875,36.1,36.2,15,5.8
1879,33,29,15,6
1888,39.5,39.75,15,5.8
1890,38.3,38.35,15,5.4
1893,38.3,38,15,7.1
1894,34.7,35.6,15,5.8
1894,35.6,36.6,30,6.2
1895,31.2,30.6,15,5.3
1896,36,34,15,5.5
1896,33.1,34.45,15,6.5
1900,34,34.45,15,6.1
1900,37.37,37.63,15,5.3
1900,31.29,38.12,15,5.9
1900,33,29,15,6.2
1900,38.72,38.08,15,5.7
1901,37.13,38.02,15,5.8
1901,30.5,39.8,15,5.3
1902,35.2,31.8,15,5.8
1903,32.5,37.8,5,4.7
1903,30,35,20,5.8
1903,33.3,34.6,15,5.4
1903,36.5,36.5,15,5.2
1905,30.5,39.8,22,5.5
1905,38.645,38.153,10,6.8
1905,37,38,30,5.7
1905,39,39,60,7
1905,38.83,37.216,15,5.6
1906,33.5,34.3,15,5.6
1907,35.3,33.6,15,5.7
1907,34.5,37.6,5,6.6
1908,35.8,37.4,5,6.3
1908,36.8,37.6,30,5.5
1909,38,40,60,6.5
1909,37,39,30,5.8
1909,40,39,30,5.5
1910,34.6,36.8,15,5.4
1910,36.2,33.9,15,5
1911,31.3,30,15,4.4
1911,33.7,28,15,4.9
1911,30,36,180,6.1
1911,32.6,28.8,15,3.1
1912,35.8,35.6,15,4.7
1913,35.72,34.02,15,4.4
1914,36,39.7,33,5.6
1914,30,38,60,7.4
1914,38.24,38.01,15,5.3
1915,39.47,37.62,10,5.5
1915,36.14,36.47,10,5.4
1916,37.1,39.8,15,7.2
1918,32.9,38.8,10,5.5
1918,34.7,35.2,30,6.3
1918,35.608,35.077,15,6.6
1918,31.3,29.5,15,4.9
1919,31.02,39.13,10,5.5
1920,32.9,38.8,15,5.1
1920,31.3,29.5,15,4.8
1921,32.79,38.33,10,5.8
1921,35.5,36,15,5.3
1921,34,34.6,15,5.8
1921,32.998,33.9967,10,5.3
1921,35.4983,32.9975,10,4.1
1921,33.2,39.3,33,5.8
1921,31.79,38.42,10,5.5
1921,35.2,36.4,33,5.7
1922,37,38,30,5.5
1922,34.8,34.73,15,5.7
1922,32,28.8,15,4.9
1922,31.2,30.3,15,4.8
1922,32.73,37.37,30,5.2
1922,33.5,38,33,5.6
1922,34,28,15,4.9
1923,35.4014,32.7001,10,5.1
1923,31.4,29.2,15,4.9
1923,36,36.2,33,5.2
1924,33.2,39.3,33,5.8
1924,34.3,34.8,15,6.1
1924,36.2012,32.7054,10,6
1924,33.1,35.1,15,4.9
1924,37,40,15,5.2
1924,31.7,36.7,79,6
1924,35.4916,30.7969,10,5
1924,30.78,38.55,10,5.9
1924,33.5,38,30,5.2
1925,36.1984,33.4087,10,4.2
1925,35.3,37,15,5.2
1925,32,30,15,5
1925,30.5,37.4,15,5.2
1925,30,38,15,5.3
1926,30,36.8,120,6.4
1926,35,37,30,5.6
1926,31,39,30,6.8
1926,34.5,38.5,15,5.2
1927,31,32.5,30,4.8
1927,34,34,15,5.2
1927,31,36,5,6.5
1927,35.633,31.922,15,6.3
1927,35,29,15,5.3
1927,35.51,33.313,10,5
1927,34,34.5,15,5.4
1927,33,34.8,15,5.6
1928,34.7,34.7,5,5
1928,30.5,39.8,12,5.3
1928,34.8,39.2,30,4.7
1928,36,36.5,15,5.6
1928,35.502,30.7969,10,4.6
1929,35,36,10,5.1
1929,35.3,37.24,10,4.8
1929,38,40,15,6.5
1929,37.5,39,33,5.5
1929,36.4039,35.0385,10,4.2
1930,39.4,38.52,100,5.3
1930,36.5005,32.7477,10,4.4
1930,34,39.7,30,5.3
1930,39.26,39.55,10,5.3
1930,32.19,34.64,15,5.8
1930,35.5,32,5,4.5
1930,34.2,34.5,10,4.9
1930,34.7,29.4,15,4.9
1930,30.3,35.8,15,5.2
1930,33,34.9,15,5.3
1930,31.3,37.5,15,6
1930,36.6052,34.6307,10,4.4
1930,39.24,39.72,30,5.7
1930,36.2,36.1,33,4.5
1931,38.5,38,30,5.2
1931,31.7,38.3,15,6
1931,39.5,37.5,30,5.3
1931,31,36.5,120,6.2
1931,31.7,30.2,15,4.6
1932,32.2,34.5,10,5
1932,34.5,38.9,12,5.3
1932,34.73,36.9,60,5.4
1932,33.6,36.2,15,5.6
1933,38.24,38.01,50,4.8
1933,32.8,35.1,15,5.1
1933,33.2,39.3,30,4.9
1933,31.3,29.9,15,4.6
1933,35.5,37,30,5.3
1934,34.9,29.1,15,4.9
1934,31.13,37.86,50,5.5
1934,31,39,15,5.6
1935,31.3,29.9,15,4.8
1936,31.6,35.6,15,5.3
1936,38.82,37.69,160,5.3
1936,35.5,37,15,5.6
1936,36,36.5,15,5.8
1936,31,36.5,15,5.3
1937,30.97,35.96,77,5.5
1937,32.8,34.8,15,5.3
1937,35.5042,31.5005,10,3.3
1938,34,39.1,15,6.8
1938,39.65,36.65,30,5.3
1938,34.1,39.89,10,4.9
1938,31.8,30.2,15,4.8
1938,32.44,39.31,10,5.4
1939,30.7,36.3,33,5.5
1939,39.7,39.7,15,5.9
1939,38.5,39.5,15,8
1939,37,40,33,5.7
1940,35.2,32.8,5,4.5
1940,35.5,38.4,15,5.7
1940,34.5,34.5,15,5.7
1940,35.2,39.6,15,6.2
1940,30.5,35.7,40,5.5
1940,31.4,35.9,80,5.9
1940,35.5,32,5,4.5
1940,36.6052,34.6307,10,4.2
1940,38.2,38.3,33,5.8
1941,33.65,35.18,70,6.5
1941,35.74,37.35,100,4.9
1941,32,32.4,15,4.9
1941,39.7,39.7,30,5.6
1942,31,29.3,15,3.1
1942,36.6127,34.4233,10,4.3
1943,35.4,32.6,5,4.7
1944,36.8,37.8,15,5.4
1944,35,37.5,15,5.6
1944,35.5005,32.7008,10,4.4
1945,35.4975,32.754,10,4.2
1945,35.7,37.11,60,6
1946,31.8,38.3,15,5.6
1946,31.15,38.63,40,5.3
1947,30.6,37.7,15,5.2
1947,30,39,15,3.2
1947,33.1,28.9,15,4.9
1947,36.32,37.14,70,5.3
1947,35.5,33,5,4.8
1947,34.66,36.52,15,5.7
1947,35.5,36.6,33,5.8
1948,31.14,36.05,80,5.8
1948,39.25,38.51,10,5.3
1949,34.4965,32.4998,10,3.1
1949,33,32,15,5
1949,38.99,38.27,80,5.5
1949,36.1,37.5,15,5.4
1949,35.4983,33.0065,10,4.1
1950,30,38,15,4.1
1950,35.8,36.5,33,4.9
1950,35.4983,33.0065,10,4.2
1950,38.32,38.24,70,5.3
1950,39.16,38.27,50,5.4
1951,36.3,37.5,15,5.4
1951,33.3733,32.263,80,6.2
1951,30.54,36.83,120,5.7
1951,36.1,36.6,15,5.9
1951,38.3,39.8,30,4.9
1951,36.07,34.33,10,5
1951,31.14,36.04,15,5.4
1951,38.3,37.1,15,5.2
1952,32.3,29.6,15,4.8
1952,34.5121,27.2008,33,5.3
1952,35.3,36.5,15,6
1952,35.65,37.25,70,5.7
1952,35.4976,32.7991,10,3.1
1953,32,33.5,15,5.3
1953,37,37,15,5.4
1953,38.24,38.01,15,4.7
1953,32.5,35,15,6.5
1953,36.0992,33.7015,10,4.2
1953,39.9,38.7,15,5.4
1954,30.6,31.8,15,3.1
1954,35.5,30.8,15,5.5
1954,31.4,32.4,30,4.9
1954,32.3,33.8,15,4.7
1954,40,40,15,5.5
1955,36.2988,33.7017,10,4.2
1956,30.49,39.89,40,6.4
1956,35.32,33.35,15,6.1
1956,31.94,38.48,40,4.8
1956,35.9938,35.6998,10,4.8
1956,35.483,30.5,10,5.4
1956,35.5,31.4644,15,6
1957,33.02,34.75,15,3.1
1957,39.67,38.74,10,5.1
1957,34.6,33.81,15,5.2
1957,36.8966,34.8019,10,4.3
1957,35.9,32.5,30,5.6
1958,31.44,36.22,70,4.8
1958,34.8,29,15,4.8
1958,30.46,36.58,80,4.9
1958,31.35,37,40,4.9
1959,35.3921,33.4125,10,4.2
1959,32.51,34.78,60,5.8
1959,30.08,35.74,100,5.3
1959,39,38.09,60,4.9
1959,38.75,39.75,10,4.7
1960,36.4,39.4,5,4.8
1960,34,36,15,4.9
1960,37.75,38.87,70,4.8
1960,35.98,39.09,70,5
1960,31.09,36.11,80,5.2
1960,30.52,38.36,50,4.9
1961,30.19,39.82,10,5.3
1961,36.76,37.65,40,5.3
1961,32.64,39.33,10,4.6
1961,36.11,37.02,100,5
1961,33.84,34.98,15,6.1
1962,33,36,15,4.2
1962,37.13,38.3,10,4.2
1962,32,35.6,10,4
1962,30.34,35.73,100,4.7
1962,33.3,35.8,10,4.1
1962,32.52,36.97,140,5
1962,31.5,29.7,15,4.6
1962,30.7,29.4,15,4.8
1963,33,34.8,10,5
1963,30,36.6,226,3.1
1963,38.366,39.005,35,5.4
1963,32.29,34.77,49,5.3
1963,30,37.5,20,5.1
1964,35.8,36.51,81,4.2
1964,39.82,38.5,44,4.8
1964,37.9,36.9,57,4.8
1964,38.5,38,8,5.9
1964,32.35,34.77,65,5
1964,35.2754,35.459,10,4.1
1964,34.5,34.5,15,4.9
1964,30.8,36.1,61,4.9
1964,30.6,36.93,133,4.3
1964,40,37.5,15,4.8
1964,35.7027,33.2042,10,4.6
1964,32.7,34.2,67,5
1964,32.5,31.5,15,4.9
1964,39.9,39.8,39,5.1
1964,35.33,36.81,15,4.8
1964,35.0561,34.9451,10,4.3
1964,36.5,39.5,15,4.8
1964,34.2,36.4,128,5
1965,32.5,34.9,52,4.9
1965,30.94,36.82,111,5.2
1965,35.77,35.95,40,4.4
1965,35.2953,33.3044,10,4.5
1965,33.7,34.03,33,4.9
1965,30,39.5,33,4.2
1965,38.5,38.08,41,4.9
1965,36.6,37.4,25,4.8
1966,30,37.7,20,4.9
1966,31.5,30.2,15,4.2
1966,32.4396,34.6162,10,3.9
1966,38.6,40,33,4.4
1966,31.97,36.27,109,4.5
1966,30.99,35.81,50,4.7
1966,30.98,37.05,132,5.1
1966,35.2424,35.6392,10,4.2
1966,35.92,36.84,58,4.8
1966,35.4018,32.9075,10,3.9
1966,31.1,38.97,9,4.7
1966,36.2,33.9,15,4.8
1966,32,32.9935,33,4.7
1966,30.7,36.1,74,4.7
1967,32.15,34.51,15,4.7
1967,35.9715,32.0216,10,3.8
1967,31,40,10,4.5
1967,36.24,37.36,32,5
1967,32.84,34.5,41,4.9
1967,31.14,39.03,2,4.5
1967,32.43,34.09,52,5
1967,31.3,36.2,69,4.6
1967,34.2,34.42,10,4.6
1967,30.44,37.59,49,4.8
1967,38.57,38,33,5
1967,37.7,37.9,33,4.8
1968,32,36.6,15,4.9
1968,31.54,36.25,78,4.4
1968,30.55,36.99,97,4.4
1968,35.47,34.08,37,5.1
1968,31,38.1,10,5.3
1968,35.6008,32.7005,10,4.2
1968,36.2,36.3,5,4.6
1968,34.27,36.7,52,4.5
1968,33,40,33,4.3
1968,31.24,35.34,24,4.6
1968,32.59,38.78,37,5.1
1968,37.1673,34.6924,10,3.8
1968,36.57,38.77,49,4.2
1968,38.56,37.99,15,5.3
1968,32.73,35.13,65,5.1
1968,32.7355,32.6848,10,3.8
1968,35.6001,31.7978,10,3.3
1968,30,36.1,15,4.3
1969,35.0012,30.4904,10,4.2
1969,30.1,39.4,10,4.5
1969,31.04,36.98,109,5.1
1969,33.922,27.6099,33,6.1
1969,34.383,28.397,33,4.9
1969,32.9111,27.6997,33,4.5
1969,31.9,38.4,26,4.5
1969,35,37.29,86,4.7
1969,35.31,37.75,55,4.8
1969,35.31,36.82,44,4.5
1969,36.5,38,5,4.6
1969,39.15,35.2,45,5
1969,37.22,38.94,47,4.5
1969,35.6,35.7,33,4.4
1969,31.28,35.35,30,5.3
1969,30.5,36.2,113,4.4
1970,34,30.1991,33,4.6
1970,30,31,15,4.6
1970,32.7,34.49,17,4.8
1970,32.5652,35.1236,10,4.2
1970,33.5,36.9,15,6
1970,30.3,39.5,5,5.6
1970,30.1,38.2,5,4.7
1970,30.7,38.9,5,4.6
1970,30.4,37.6,5,4.8
1970,31.4,38.7,5,5.1
1970,30,37.1,5,4.2
1970,33.7,34.2,5,4.7
1970,31.5,39.9,25,5.7
1970,30.01,38.94,32,5.2
1970,32.02,38.98,32,4.6
1970,39.96,38.95,13,4.2
1970,31.7,36.2,56,4.3
1970,36.81,38.87,19,5
1970,35.4975,34.4,33,4.8
1970,39.45,38.32,27,4.7
1970,38.697,39.621,23,5.6
1970,32.21,34.59,49,4.9
1970,34.4,33.2,5,4.4
1970,39,35.04,34,5.1
1970,38.24,38.01,33,4.6
1970,35.5038,31.3922,10,4.9
1970,36.98,38.28,34,4.9
1970,33.8721,27.5499,40,4.5
1970,33.7,34.2,5,4.3
1971,30.3,37.24,47,5.3
1971,32.9202,34.5901,10,3.9
1971,31.4,30.4,15,4.4
1971,30.1,39,5,3.9
1971,35.43,33.63,7,4.9
1971,36.18,37.76,60,4.7
1971,37.2153,33.2161,10,3.9
1971,32.0707,37.4184,33.7,4.4
1971,30.1543,38.0454,33,4.5
1971,32.2542,38.7092,33,4.3
1971,39.51,38.81,33,4.5
1971,30.1679,35.6979,33,4.1
1971,39.98,39.33,33,4.5
1971,32.6086,28.7603,10,3.9
1971,36.833,37.146,35,5.8
1971,34.9735,36.4177,33,4.2
1971,30.135,36.4755,33,4.3
1971,33.8286,27.5414,35,4.8
1971,39.85,38.297,33,4.5
1971,35.0577,34.0436,10,3.9
1971,35.64,39.2,5,4
1971,35.7011,32.9067,10,4.3
1971,30.18,37.34,49,5.5
1971,30.2,39,5,4
1971,30.14,38.22,19,4.9
1972,33.8306,27.5504,36,3.1
1972,33.4899,34.4553,10,3.9
1972,36.2,33.9,15,4.5
1972,31.4769,39.0946,28.2,3.9
1972,32.0866,38.104,49.6,4.4
1972,31,37,5,4.9
1972,35.5062,32.1408,10,3.8
1972,35.6232,36.6583,33,4.2
1972,30.04,38.96,29,5.1
1972,33.7981,34.8919,10,3.8
1972,32.25,36.55,43,4.6
1972,31.593,36.043,33,4.5
1972,31.23,35.67,68,4.6
1972,32.81,37.85,34,4.8
1972,32.4318,39.4554,33,3.9
1973,33.4285,27.7416,36,3.2
1973,30.21,37.15,32,4.4
1973,32.92,38.65,29,4.9
1973,32.5695,34.6461,10,3.3
1973,37.9092,38.3047,56.3,3.3
1973,31.7,38.2,5,3.2
1973,31.39,36.06,77,4.7
1973,34.9306,29.6603,10,3.9
1973,35.1766,34.6477,10,3.8
1973,33.1,37.3,5,3.8
1973,35.5938,32.8079,10,4.4
1973,39.64,38.48,39,5
1973,30.36,36.85,35,4.7
1973,33.1531,33.9814,10,3.9
1973,35.6,35.4,15,4.5
1973,31.06,37.89,23,4.5
1974,30.81,34.63,30,4.2
1974,37.86,37.87,28,4.7
1974,35.5487,32.1768,10,3.2
1974,30.82,38.86,30,4.2
1974,33.2368,28.0223,10,3.8
1974,31.854,36.269,33,4.3
1974,31.6,30.6,15,5.3
1974,30.1,38.67,5,3.8
1974,37.28,34.1,33,4.9
1974,39.17,38.75,75,4.8
1974,34.74,36.63,45,4.2
1974,32.0034,35.4524,10,3.3
1974,31.52,35.72,67,4.3
1974,38.43,33.34,30,4.3
1974,30.1292,36.2825,88.4,3.2
1974,35.7065,29.9123,10,4.3
1974,36.06,37.4,59,4.5
1974,33.6462,35.9625,10,3.2
1974,39.13,39.76,24,4.4
1974,31.952,37.721,33,4.3
1974,38.24,38.01,36,4.8
1975,33.0668,33.5383,10,5.1
1975,36.49,36.67,35,5.6
1975,30.67,39.07,23,4.8
1975,33.81,34.54,35,4.9
1975,31.47,36.9,30,3.2
1975,30.74,36.19,61,5.9
1975,37.64,38.27,28,5.1
1975,32.13,39.45,15,4.8
1975,31.16,37.04,107,4.3
1975,30.1829,38.5979,8.2,4.2
1975,35.012,39.997,33,4.6
1975,31.014,38.711,23,4.5
1975,39.48,39.47,15,3.9
1976,32.55,34.38,15,5.4
1976,31.72,34.3803,46.6,5
1976,32.5494,36.45,47,5.4
1976,37.73,37.9,15,4.3
1976,35.9,37.55,55,4.8
1976,35.9,36.71,58,4.4
1976,33.4948,34.212,10,3.9
1976,30.32,37.31,15,4.1
1976,30.03,35.82,15,4.8
1976,31.5,35.9,15,4.6
1976,31.8102,36.3659,33,4.2
1976,39.95,39.47,53,5
1976,34.39,34.1,33,4.3
1976,31.09,35.39,15,3.6
1977,32.4,34.3,15,3.3
1977,34.1,34.8,15,4.4
1977,30.73,36.91,90,5.2
1977,31.2,38.74,13.7,3.5
1977,31.3038,34.75,68,5.7
1977,33.58,36.1614,68.3,5.7
1977,31.344,36.243,67,5.7
1977,39.852,38.636,33,4.3
1977,35.41,32.2,10,4
1977,31.03,38.64,18,4.4
1977,31.9344,37.3665,10,4.3
1977,36.1916,37.3102,15,4.9
1978,33.8354,34.67,35.9,4.5
1978,36.84,37.07,42,4.7
1978,39.876,39.629,7,5.1
1978,32.66,37.84,41,4.7
1978,32.2,38.21,33,4.4
1978,33.02,34.51,33,3.9
1978,36.21,35.22,48,4.3
1978,31.6,38.74,10,4.1
1978,33.38,34.68,33,4.4
1978,33.19,39.45,23,5.1
1978,30.02,37.57,28,5
1978,35.3055,32.8084,10,3.5
1978,31.01,35.08,10,3.2
1978,30.6,36.9,10,3.9
1978,38.591,38.001,37.1,4.9
1978,38.11,37.44,33,4.8
1978,37.43,38.07,37,5.2
1979,36.45,38.26,15,4.5
1979,30.984,35.889,33,4.3
1979,39.6,39.91,11,5.2
1979,39.5,38.5,10,4.5
1979,30.65,35.96,62,4.5
1979,35.5,31.2,15,5.4
1979,36.16,37.54,45,4.9
1979,31.772,36.467,101.8,6
1979,33.67,34.81,111,5.8
1979,38.786,38.902,10,4.3
1979,31.23,35.63,33,4.3
1979,34.56,33.6,10,4.4
1979,34.77,36.45,15,3.7
1979,39.8,38.41,35.1,5.1
1979,30.201,37.002,10,4.6
1979,30.8876,35.1981,49,4.4
1979,30.8,35.904,53,4.1
1979,35.85,37.52,47,5.4
1980,36.38,36.56,32,4.7
1979,32.63,34.44,93,5.3
1980,38.19,37.91,30,4.2
1980,31.01,35.78,66,4.4
1980,34.431,32.6888,10,3.5
1980,32.6,29.6,15,4.3
1980,32.6,38.9,33,4.4
1980,31.77,38.97,29,4.1
1980,33.948,36.214,51.2,4.5
1980,31.71,35.408,33,4.3
1980,30.9,38.12,15,4.6
1980,36.89,37.46,15,4.4
1980,39.29,38.3,10,4.3
1980,31.3751,36.0285,79.6,4.7
1981,38.59,38.05,23.5,5.2
1981,36.42,36.35,52,4.8
1981,31.72,37.73,42,4.6
1981,33.1,39,38,4.1
1981,30.685,36.547,72.8,5.7
1981,30,37.44,15,3.2
1981,35.89,36.17,63,4.9
1981,31.143,37.09,125.8,3.6
1981,37.9,38.1,10,4.8
1981,30.3024,37.4193,10,4.1
1981,36.98,38.9,4,4.6
1981,38.021,39.933,10,4.5
1981,35.94,34.4,33,3.9
1981,35.6619,33.0609,9,4.3
1981,30.1434,35.8429,0.9,4.6
1981,31.9414,37.1163,10,3.2
1982,35.61,35.93,46,4.5
1982,30.44,34.94,44,4.4
1982,33.87,33.57,15,4.5
1982,31.06,38.64,5,4.3
1982,34.37,27.96,33,4.3
1982,32.13,38.16,15,4.3
1982,34.771,37.444,10,4.3
1982,35.4,37.74,59,4.5
1982,39.61,38.136,11.8,4.7
1982,36.4,37.1,54,4.4
1982,33.7,35.05,71,4.8
1982,34.0878,34.6094,6,4.5
1982,38.03,39.1,10,4.5
1982,35.23,37.99,46,4.7
1982,33.82,27.63,10,3.2
1982,38.7251,39.8618,33,5
1982,31.5,35.48,97,4.3
1982,34.0624,34.8941,37.4,4.8
1983,38.1,37.8,10,4.5
1983,33.5639,27.1124,25,3.1
1983,32.228,39.574,10,4.7
1983,34.17,28.5215,21,4.3
1983,33.8973,29.825,21,4.5
1983,35.0713,29.6921,2,4.3
1983,34.8,29.2,15,5.2
1983,34.1601,28.9774,6,4.2
1983,34.4955,29.8555,1,4.4
1983,35.6181,28.9213,21,4.3
1983,35.4516,31.0374,18,3.8
1983,39.109,38.427,10,4.3
1983,34.2796,33.6169,2,3.3
1983,32.6478,35.0191,5,3.9
1983,30.95,37.1,101,4.5
1983,33.06,39.31,36,4.8
1983,32.73,34.13,27,4.2
1983,35.75,33.83,8,5
1983,33.1,28.5,15,5.2
1983,34.4978,27.1904,6,4.2
1983,30.5406,36.6889,7.4,3.2
1983,34.8115,29.8828,2,4.3
1983,37.5471,35.8526,10,3.6
1983,31.2767,35.7216,33,4.8
1983,32.06,35.56,33,4
1983,31.6724,35.1482,33,4.1
1983,33.32,34.62,46,4.7
1983,32.72,34.8653,58.1,4.5
1983,32.396,33.823,191.6,4.5
1983,30.93,38.238,8.9,4.1
1983,37.2474,31.58,1,3.9
1983,33.2872,29.2184,25,4.4
1983,33.859,35.157,33,4.5
1983,38.0484,38.1584,10,4.4
1983,39.468,39.753,17.9,5.4
1983,36.12,37.05,37,4.9
1984,31.0145,36.7322,81.7,4.5
1984,30.2986,36.8281,83.3,4.9
1984,31.132,38.547,10,4.1
1984,35.4052,28.6276,14,3.4
1984,35.5277,33.2135,4.2,3.1
1984,33.606,34.786,34.4,5
1984,31.3,34.7519,37.7,4.5
1984,33.5832,36.16,38,5.4
1984,35.5153,31.3355,23,4.3
1984,32.2,30.2,15,5.2
1984,38.24,38.01,15,4.2
1984,30.7,38.04,10,4.2
1984,33.7965,30.3904,9,4.8
1984,32.152,33.848,43.1,4.8
1984,31.2,35.72,47,4.5
1984,33.3845,28.8374,5,4.2
1984,31.41,38.9,12,4.2
1984,35.3127,27.5405,5,3.7
1984,35.3309,32.2679,9.3,3.6
1984,30.473,38.393,10,4.3
1984,31.9787,38.9,10,4.1
1984,38.0412,38.7551,10,4.6
1984,35.2832,30.502,15,3.2
1984,30.1393,37.6332,10,4.2
1984,35,32.8,15,5.5
1984,38.6233,39.5028,10,4.3
1984,30.15,35.96,7,4.6
1984,30.733,35.7379,57.6,4.1
1984,34.5191,28.9267,6,3.6
1984,35.63,33.23,15,3.9
1984,35.3863,31.216,2,3.7
1984,31.0892,36.0803,72.3,4.3
1984,36.28,37.12,39,4.6
1984,34.1295,28.0426,10,4.5
1984,35.3,35.262,40.7,5.1
1984,32.41,29.43,5,4.2
1984,34.0879,27.5303,5,3.4
1985,34.628,27.1031,10,3.1
1985,36.014,39.19,37.4,4.6
1985,35.53,31.92,15,5.1
1985,30.857,37.396,39.8,5
1985,33.17,39.13,10,4.6
1985,31.7032,36.8584,10,4.3
1985,38.6,38.5,33,4.2
1985,38,38.6,10,4.2
1985,36.6923,34.0247,17.9,4.6
1985,33.7,39.6,10,3.1
1985,31.63,33.38,15,5.1
1985,36.2122,30.9216,1.6,3
1985,31.21,35.56,54,5.1
1985,32.65,34.85,42,4.6
1985,39.2582,38.3265,8.7,4.3
1985,36.978,37.278,30,4.5
1985,33.904,34.7369,25,3.5
1985,39.811,39.922,20.4,4.9
1985,31.721,36.072,10,4.1
1985,34.6898,27.9106,25,3.9
1985,36.2397,34.3387,26,4.2
1985,33.4,35.03,66,4.4
1985,33.2861,37.6,10,4.3
1985,32.9798,34.6855,25,4.2
1985,35.47,37.55,33,4.8
1985,35.0514,30.4184,10,4.5
1985,34.9,29.1,15,5.1
1986,32.1986,29.6376,20,3.3
1986,31.3738,38.5545,39.3,4.8
1986,35.738,33.0651,8.7,3.1
1986,30.5532,39.7471,10,4.1
1986,35.9217,34.3637,25,3.8
1986,30.95,35.45,15,5.3
1986,37.78,38,4.1,6.1
1986,35.5704,31.7579,19,4.4
1986,39.12,38.35,15,3.7
1986,36.9,37.98,10,4.2
1986,30.4485,35.9604,50.3,4.3
1986,32.35,36.28,15,4.4
1986,35.32,35.29,49,5.2
1986,33.67,34.81,49,4.8
1986,30.5,32.42,10,4.2
1986,35.908,37.8052,2.4,4.3
1986,32.31,34.67,37,5.2
1986,32.8869,34.1065,25,4.7
1986,37.16,37.19,38.5,5.2
1986,31.75,36.06,73,4.4
1986,39.13,38.03,10,4.4
1986,31.7869,29.6708,10,4.4
1986,31.67,36.47,130,4.7
1986,38.55,39.58,11,4.3
1987,32.2223,30.4631,20.9,5
1987,33.85,34.63,40,5.4
1987,39.3,37.75,10,3.1
1987,32.1881,32.7448,10,4.1
1987,31.7,38.38,10,3.7
1987,35.482,31.278,10,4.4
1987,38.071,35.34,33,4.8
1987,33.16,34.73,28,4
1987,35.25,35.55,15,4.9
1987,30.62,38.58,10,4.1
1987,39.35,38.32,33,4.7
1987,30.4,37.2,10,3
1987,30.61,35.91,52,5.3
1987,34.57,34.88,10,4.1
1987,35.198,27.0717,25,3.4
1987,32.1566,39.5854,10,4
1987,31.1,36.74,111,4.8
1987,35.0478,28.113,3,3.1
1987,34.7931,28.9383,25,4.6
1987,35.187,29.521,10,4.9
1987,35.778,30.942,10,4.5
1987,35.3363,31.1942,7,4.3
1987,30.27,37.87,12,4.3
1987,32.937,34.54,10,4.8
1987,36.8551,32.4198,7,4.1
1987,31.08,37.889,18.8,4.3
1987,31.699,30.722,10,4.2
1987,36.02,37.02,10,4.5
1988,35.47,36.35,10,5
1988,30.83,38.34,9,4.7
1988,37.6,37.8,3,4.7
1988,30.6,37.2184,9.7,4.6
1988,35.5046,32.1951,12,4.1
1988,35.1748,30.5014,8,4.2
1988,30.02,37.6,10,4.3
1988,31.275,34.337,33,3.7
1988,35.6203,33.1223,3,3.7
1988,33.7,28,15,4.5
1988,31.2,38.72,10,3.4
1988,30.142,39.059,10,4.2
1988,30.915,35.858,33,3.3
1988,34.34,36.3,25,3.2
1988,38.729,38.23,10,4.3
1988,31.55,36.68,103,5.1
1988,35.713,35.861,25,4.7
1988,31.2,35.7,10,4.1
1988,34.4314,28.5086,4.1,4.3
1988,34.6491,27.8814,13,4.3
1988,34.5772,33.05,25,3.5
1988,34.576,33.95,10,3.5
1988,30.08,38.45,37,4.5
1988,31.28,36.15,5,4.3
1988,33.8,28.5,15,4.8
1988,31.7,35.68,9,4.2
1988,30.254,39.169,10,4.2
1988,30.397,36.629,28,5.2
1988,39.47,38.73,10,4.3
1988,33.19,34.59,25,4.2
1988,36.2,37.5,10,4.2
1988,32.15,37.58,12,4.8
1989,35.5,32.46,15,5
1989,30.694,39.784,10,4.3
1989,30,36,10,4
1989,37.6823,35.1617,9,4.1
1989,30.9462,37.1668,132.1,4.3
1989,39.57,38.14,10,4.4
1989,34.75,27.5255,25,3.7
1989,36.42,37.44,10,4.4
1989,34.997,30.3289,6,3
1989,37.459,31.8781,12,5.3
1989,31.6,35.9,10,4
1989,32.4475,34.3467,12,4.1
1989,31.9288,36.3679,109.5,4.1
1989,35.94,36.745,35,5.1
1989,31.09,37.151,125.6,4.3
1989,30.78,35.98,62,5.2
1989,34.8,36.46,61,3.9
1989,31.7132,35.9282,140.4,4.3
1989,36.0347,30.0248,16.8,4.2
1989,30.612,34.732,33,3.9
1989,31.09,35.48,22,4.3
1989,33.6547,27.103,9,3.2
1989,34.816,28.5668,9,4.3
1989,32.924,34.563,28.1,4.3
1989,30.25,37.7,28,4.4
1989,35.54,38.97,33,4.5
1989,35.0234,33.5016,12,3.6
1989,33.732,28.076,10,3.4
1989,32.84,39.75,10,4.4
1989,34.08,36.17,10,3.4
1989,31.41,33.1,15,5
1989,37.8544,34.2178,2,3.2
1989,30.38,39.82,5,3.5
1989,33.2177,28.5806,25,4.7
1989,31.859,35.361,33,4.3
1989,32.03,34.047,10,3.2
1990,31.9,35.9,10,4.1
1990,30.211,37.164,111.3,4.6
1990,34.6467,27.2719,17,3
1990,34.5379,28.0159,5,4.3
1990,31,32.36,33,3.7
1990,30.2,38.36,5,3.4
1990,34.537,29.2423,7.8,3.7
1990,30.1,37.69,6,3.1
1990,34.9284,28.8637,1,4.1
1990,30,36.7,24,3
1990,38.365,39.656,41.9,4.8
1990,30.5,37.95,2,3.8
1990,32.3,34.62,10,3.3
1990,31.5,36.2,10,4.1
1990,31.1,35.8,33,4.3
1990,34.8191,29.1861,5,4.2
1990,31.1954,36.7461,86.6,4.3
1990,31.8337,29.0479,10,4.1
1990,38.24,38.01,46,3.4
1990,32.6387,29.5333,6,4.1
1990,32.7175,28.512,7,4.2
1990,31.8,36.22,10,4.3
1990,34.2851,32.0429,25,3.9
1990,33.4409,27.9934,8,3.5
1990,31.2433,39.1185,5,3.8
1990,33.99,37.05,24,4.3
1990,30.9146,38.2508,8,4.3
1990,30.23,39.84,18,4.4
1990,35.62,35.85,10,4.6
1990,30.2,37.81,2,3.3
1990,32.9471,34.67,23.4,4.3
1990,36.63,38.39,33,4.4
1990,35.2556,27.3869,9,4.2
1990,32.013,37.064,10,3
1990,33.2198,29.0594,10,4.3
1990,33.92,36.23,27,3
1990,30.6926,35.58,10,3.8
1990,30.16,37.03,10,3.9
1990,33.92,34.65,50,4.6
1991,32.3762,34.2832,11,4.2
1991,31.164,36.161,10,4.2
1991,31.79,38.65,53,4.2
1991,37.1728,35.0624,25,3.8
1991,30.273,38.2626,8,4.1
1991,30.966,37.032,112.1,5.6
1991,31.16,35.35,52,4.5
1991,36.91,33.74,10,4.7
1991,36.116,37.299,42.3,5.4
1991,31.086,36.086,87.1,4.4
1991,32.0699,37.84,10,4.1
1991,35.14,35.9,10,3.1
1991,35.0157,28.5999,16,4.1
1991,34.6832,29.1177,14.9,4.3
1991,30.3,39.01,7,3.8
1991,31.895,35.215,33,4.3
1991,34.1921,34.4809,25,4.2
1991,34.7983,27.6964,18,3.9
1991,35.89,36.05,15,4.7
1991,34.6952,28.3389,25,4.3
1991,33.8996,27.6779,17,4.3
1991,32.25,34.4369,25,4.1
1991,35.5415,31.0802,10.9,4.2
1991,32.591,29.536,31.3,4.5
1991,34.82,36.84,33,4.4
1991,30.24,37.14,5,3.1
1991,36.6999,33.7,10,4.9
1991,33.1369,34.51,18.3,4.1
1991,33.23,39,15,3.9
1991,34.8919,27.8306,6,4.3
1991,32.6123,27.9048,14,3.2
1991,33.2404,28.8644,14,4.4
1991,34.6193,29.1,8,4.2
1991,32.7055,28.546,25,3.4
1991,31.792,36.162,106.7,5.6
1992,30.007,37.852,17,4.3
1992,35.3799,31.2133,16,4.1
1992,37.913,35.4725,10,3.1
1992,33.9,39.84,8,4.5
1992,36.9838,35.8083,25,4.4
1992,33.8551,35.0013,23,3.2
1992,35.925,34.454,5,4.3
1992,35.6439,33.823,7,4.3
1992,39.63,39.72,23,6.8
1992,37.85,38.07,15,3.8
1992,30.928,37.327,22.5,4.8
1992,30.269,38.683,10,3.8
1992,32.0133,30.1754,8.1,4.5
1992,30.44,36.74,43,4.8
1992,36.83,37.56,7,4.5
1992,33.253,34.5636,21,3.4
1992,31.316,32.227,10,3.5
1992,36.4,38.27,33,4.3
1992,31.061,35.438,69.2,4.5
1992,37.106,39.377,10,3.2
1992,30.5326,35.1114,51.3,4.2
1992,30.084,38.185,10,3.6
1992,30.9,36.1,15,4.8
1992,30.798,38.637,10,3.3
1992,33.5998,34.9573,61.8,4.2
1992,35.4946,32.3573,13,3
1992,35.9231,34.5431,15,3.5
1992,34.7799,27.6791,9,4.5
1992,35.4484,33.3927,10,3.2
1992,35.551,31.298,10,3.4
1992,30.746,38.65,10,3.4
1992,35.137,39.608,10,3.3
1992,34.0329,27.3166,25,4.7
1992,34.5967,28.4062,10,4.3
1992,35.209,30.55,10,4.3
1992,38.52,38.74,10,4.3
1992,31.144,29.778,21.5,5.9
1992,31.1643,37.1874,134.4,4.2
1992,32.4697,27.5331,16,4.3
1992,32.8466,28.6403,7,4.6
1992,34.858,29.491,10,4.3
1992,35.1417,29.9111,8.3,4.2
1992,33.184,35.047,63.9,3.3
1992,30.932,35.034,10,3.7
1992,31.09,39.08,29,3.9
1992,30.139,36.558,5,4.1
1993,33.1594,34.5627,25,3.5
1993,31.1503,35.9959,64.5,4.3
1993,30.25,35.83,25,3.8
1993,30.565,37.136,10,4
1993,32.12,33.8,28,4.4
1993,35.5245,27.1787,10,4
1993,31.853,36.445,10,3.8
1993,31.1271,35.411,17.9,4.6
1993,34.38,34.7,27,5.4
1993,38.53,38.07,12,4.4
1993,30.684,38.366,10,3.5
1993,31.5348,28.6935,10,4
1993,30.46,37.81,13,3.8
1993,33.1693,27.5463,9,3.8
1993,31.714,36.952,10,3.8
1993,32.48,35.96,10,3.9
1993,35.6117,33.125,10,3.1
1993,30.576,29.148,10,3.1
1993,35.0853,29.9924,12,3.1
1993,30.2603,36.0449,10,3.8
1993,30.744,37.283,159.9,4.6
1993,30.0079,36.5314,7.5,4.2
1993,32.8916,34.5604,25,3.5
1993,39.06,38.45,15,4.5
1993,38.41,39.62,26,5.1
1993,34.71,33.67,9,4.4
1993,39.31,37.9873,41,4.8
1993,37.266,39.213,10,3.5
1993,37.12,29.28,5,4
1993,34.5182,27.9941,16,4.3
1993,36.78,37.13,24.8,4.3
1993,35.5937,33.9195,2,4.2
1993,34.8808,27.4703,6,4.8
1993,34.8208,29.3313,6,4.4
1993,35.278,31.236,10,4.4
1993,34.547,28.714,22,6.1
1993,34.141,29.679,10,4.6
1993,35.43,29.13,33,4.5
1993,35.3317,27.8078,16,3.1
1993,31.01,36.07,66,4.4
1993,32.27,38.23,3,3.6
1993,31.2519,38.0712,10,3.8
1993,36.148,31.1949,1,3.5
1993,33.9936,32.9306,10,4.3
1993,30.118,37.425,10,3.8
1993,32.2461,30.1433,7,3.7
1993,32.6098,30.557,24,4.1
1993,30.4494,38.3404,3.1,4.2
1993,30.14,38.69,10,3.4
1993,34.805,28.0431,9,5
1993,35.62,33.75,10,4.3
1993,32.828,28.9323,6,3.5
1993,30.19,39.22,35,4.2
1993,31.96,36.7,15,4.8
1993,37.653,39.41,10,3.5
1994,32.3817,28.0167,7,4.5
1994,35.81,36.99,38,5.3
1994,34.93,29.4881,13,3.5
1994,30.58,37.33,10,3
1994,33.46,39.35,5,3.9
1994,36.69,38.72,17,4.4
1994,38.688,38.719,16.8,4.4
1994,35.233,28.412,10,4
1994,32.9809,28.068,25,4.1
1994,33.175,28.6132,25,4.1
1994,38.24,38.01,15,3.5
1994,32.54,35.08,60,4
1994,33.19,39.8,5,4
1994,33.9487,27.2199,10,3.1
1994,30.73,38.24,9,3.9
1994,36.04,36.31,10,3.6
1994,30.41,38.64,15,3.8
1994,31.1962,38.8323,3.5,3.8
1994,30.185,31.604,10,4.1
1994,30.099,38.9905,10,3.8
1994,35.922,32.8483,19.3,3.5
1994,39.52,38.37,29,4.6
1994,33.6339,27.044,14,3.1
1994,32.5476,29.1427,3,3.6
1994,32.0578,29.8242,3,3.3
1994,30.07,37.59,8,4.4
1994,37.48,37.76,10,4.7
1994,33.8932,30.1086,9,4.2
1994,38.8,38.23,30,4.9
1994,36.1963,37.4686,10,4.7
1994,33.8493,34.5721,25,3.8
1994,35.8,33.89,5,3.4
1994,30.91,37.17,1,3.8
1994,33.26,34.53,22,4.4
1994,30.479,38.4908,6.6,3.5
1994,34.7143,27.7013,6,4.3
1994,35.59,35.66,15,4.3
1994,35.5005,32.0461,18,3.6
1994,33.8405,27.223,5,3.1
1994,32.806,30.566,10,3.4
1994,31.2478,36.0387,10,3.1
1994,31.7,36.47,9,3.6
1994,30.2569,39.1706,10,3.8
1994,30.0761,35.9349,50.6,4.1
1994,30.0019,36.5989,11.4,4.3
1994,39.37,39.4,6,4.1
1994,39.59,35.366,22.9,5.4
1994,32.49,34.26,33,3
1994,39.72,38.23,10,4.9
1995,30.4727,39.7985,10,4
1995,34.6183,34.6434,2,4.3
1995,36.15,37.38,10.6,4.8
1995,30.06,36,15,4.1
1995,31.95,37.07,12,3
1995,34.253,35.775,40.3,5.6
1995,35.003,29.749,10.2,3.1
1995,38.22,39.63,10,4.1
1995,32.29,35.02,20,6
1995,31.24,35.232,10,4.4
1995,30.2998,37.108,10,3.9
1995,30.84,38.72,10,3.9
1995,39.91,39.35,10,4.4
1995,30.72,36.9,5,3.8
1995,34.72,27.09,5,3.2
1995,31.33,36.1,70,4.4
1995,34.2503,27.0743,6,3.8
1995,34.85,37.15,38,4.7
1995,38.91,38.24,18,4.6
1995,35.5,34.13,8,4.4
1995,33.5,35.5,10,4.3
1995,34.3437,27.5764,3,3.7
1995,38.59,37.25,7,4.2
1995,36.95,36.49,15,3.9
1995,37.4274,37.4137,10,3.4
1995,34.0713,28.1522,10,3.2
1995,31.75,38.84,5,4.6
1995,36.9,39.44,22,4.3
1995,33.0562,34.668,9,4.3
1995,35.552,32.4124,14,3.2
1995,31.2,36.49,3,3.5
1995,35.27,35.99,31,3.5
1995,35.3506,35.5755,2,3.8
1995,32.3386,29.7341,25,3.9
1995,36.877,27.5911,6,3.2
1995,36.66,37.87,23,4.1
1995,30.829,38.667,33,4.2
1995,30.134,38.063,33,6.4
1995,34.1587,28.1785,6,4.2
1995,36.11,36.23,10,3
1995,32.07,36.57,31,3
1995,38.24,39.74,8,4.1
1995,35.68,37.83,5,4.4
1995,34.799,28.826,10,7.2
1995,31.523,36.4,10,3.8
1995,34.398,29.958,13,4.4
1995,30.37,31.7,10,3.2
1995,35.93,28.75,14.6,4.3
1995,34.8992,27.8911,1,3.3
1995,39.999,39.491,20,5.8
1995,35.95,36.74,5,3.6
1995,33.58,28.92,33,4.1
1995,30.0073,36.008,10,3
1995,38.8505,39.6889,8,4.2
1995,30.69,36.13,13,3.9
1995,35.24,29.561,8.8,4.4
1995,34.14,31.77,24,4.8
1996,39.73,35.23,5,4.9
1996,37.61,38.3,67,4.3
1996,35.62,35.99,25,4.3
1996,31.27,35.58,18,4
1996,30.366,38.818,5,3.8
1996,39.26,38.49,10,4.7
1996,37.8584,35.1917,17.9,3.3
1996,37.1294,34.7591,2.9,3.2
1996,32.05,36.27,22,3.8
1996,38.1785,39.9852,10,3.9
1996,30.29,37.05,75,4.6
1996,36.1,36.91,23,3.9
1996,32.4,38.88,15,3.6
1996,38.98,39.85,7,3.9
1996,36.81,37.5,11,4.7
1996,34.09,35.84,26,3
1996,37.41,39.44,3,3.9
1996,36.4,29.6,54,3.4
1996,30.73,34.08,31,3.2
1996,38.42,38.7,10,3.6
1996,36.233,39.246,10,3.3
1996,34.61,35.46,5,4.4
1996,33.32,34.21,12,4.1
1996,39.98,38.73,5,3.7
1996,33.7927,27.0652,10,4.2
1996,34.9084,27.0424,6,4.3
1996,32.752,28.3178,12,3.9
1996,32.6788,29.5572,5,4.3
1996,34.68,34.86,16,4.3
1996,30.7,35.92,12,4.2
1996,35.81,35.61,12,5.1
1996,32.4178,36.3936,33,3
1996,36.53,30.1,38,3.1
1996,35.855,33.789,15,4
1996,39.87,38.75,8,4.4
1996,32.403,38.159,10,3.9
1996,36.04,31.43,20,3
1996,36.6197,32.0562,15,3.9
1996,36.19,37.38,8,4.4
1996,31.66,35.71,22,3.8
1996,36.8,29.86,8,3.1
1996,37.13,38.53,8,3.9
1996,34.38,39.11,5,3.9
1996,35.06,37.39,10,3.2
1996,37.05,39.24,5,3.8
1996,35.4,36.3188,33,4.5
1996,34.46,27.7878,3,3.2
1996,39.35,39.95,5,3.9
1996,31.3962,35.3594,72.6,4.1
1996,33.7655,28.1582,6,3.7
1996,37.57,37.76,10,3.2
1996,34.9629,33.6005,15,4.2
1996,35.7957,38.8854,10,4.1
1996,35.67,37.18,28,4.4
1996,32.0957,34.5284,19,6.8
1996,32.0073,35.32,85.1,4.4
1996,33.1287,34.6794,6,4
1996,31.1399,34.8815,5,4.4
1996,33.18,35.27,1,3.8
1996,30.8502,31.9577,10,4.3
1996,32,33.67,5,4.4
1996,35.2051,30.4666,9,3
1996,31.4,35.83,1,3.4
1996,38.69,39.49,15,4.1
1996,37.95,37.96,15,3.9
1996,38.2005,39.7372,10,3
1996,36.31,30.2,12,3.4
1996,32.58,35.7,12,4.1
1996,35.95,29.9,3,3.8
1996,38.19,37.58,3,3.4
1996,39.2287,38.393,10,4.4
1996,36.35,36.8,24,4.3
1996,39.62,38.77,10,3.8
1996,34.798,29.746,10,4.4
1996,37.25,37.52,1,3.4
1996,32.193,30.432,10,4.6
1996,33.1474,27.7986,25,3.3
1996,38.712,34.294,29.2,5.5
1996,31.51,36.16,13,3.8
1996,37.44,36.52,12,4.3
1997,35.02,38.12,21,3.8
1997,31.23,35.83,9,3.9
1997,35.2925,35.9196,6,3.8
1997,36.12,36.14,23,5.8
1997,38.36,38.05,2,3.9
1997,36.34,29.97,4,3.1
1997,34.27,30.0787,12,3
1997,36.906,37.836,33,3.2
1997,37.7475,37.9722,10,3.6
1997,32.239,33.7,33,3.1
1997,32.84,30.5,25,3.1
1997,36.1,31.3,23,3.1
1997,31.39,36.33,11,3.8
1997,39.97,39.98,26,4.4
1997,31.023,36.771,10,3.8
1997,31.28,37.4,10,3.8
1997,30.61,36.12,22,4.1
1997,36.44,39.47,10,3
1997,38.84,37.2,10,3
1997,35.3913,33.8643,5,5.3
1997,33,34.46,24,4.2
1997,33.06,34.92,52.7,4.3
1997,31.13,38.34,35,4.4
1997,36.85,38.7,10,4.1
1997,38.9278,38.1911,10,4.2
1997,37.91,37.85,5,3.9
1997,36.68,33.4,26,3.2
1997,36.4662,32.1357,10,3.6
1997,38.74,39.06,5,3.9
1997,34.7165,27.9694,3,5.1
1997,38.99,39.75,40,3.8
1997,35.3714,32.758,20.9,4.2
1997,31.78,35.86,7,4.1
1997,35.8355,33.3142,21.7,4.2
1997,36.04,37.63,9,3.8
1997,34.614,27.3114,5,3.1
1997,35.3492,28.0304,5,4.3
1997,34.53,35.11,20,3.1
1997,32.939,27.2077,4,3.2
1997,38.3614,39.7134,7,3.8
1997,32.64,39.92,7,3.2
1997,39.13,38.38,7,4.4
1997,31.51,36.64,10,4.5
1997,30.4036,36.9532,33,3.2
1997,34.1365,28.0807,23,4.2
1997,36.19,31.2,35,3.3
1997,36.6,30.1,35,3.8
1997,33.79,35.1,15,4.5
1997,35.7,33.209,10,4.2
1997,37.32,37.15,14,3.8
1997,30.9899,35.7381,5,4
1997,31.4126,33.9617,33,3.9
1997,30.96,36.27,29,3.9
1997,36.46,37.25,3,3.4
1997,37.76,37.48,10,4.1
1997,32.6474,38.7723,13,3.9
1997,36.55,38.32,8,4
1997,31.79,37.16,9,3.8
1997,34.71,36.6,1,3.8
1997,35.15,35.12,16,4.5
1997,39.75,39.31,22,4.4
1997,39.32,38.85,5,4
1997,31.3087,35.3394,5,3
1997,36.4659,32.7189,5,4.2
1997,38.38,39.73,4,4.2
1997,37.36,37.85,6,4
1997,30.75,36.12,9,3.8
1997,30.8837,36.863,102.6,4.3
1997,30.48,37.26,15,4.8
1997,39.25,38.38,8,4.4
1997,34.76,35.48,14,4.2
1997,31.282,35.968,10,4.1
1998,33.6872,28.0966,25,4.4
1998,38.7077,37.4793,10,3.5
1998,35.8086,33.7408,5,3.2
1998,39.91,39.27,1,4.5
1998,34.8762,27.6896,10,4.1
1998,34.0332,39.0729,10,3.8
1998,36.4,30.31,35,3
1998,38.26,37.54,10,4.4
1998,34.468,38.196,4,4.2
1998,31.597,36.96,12,3.6
1998,30.157,38.102,10,5.3
1998,34.077,27.6711,5,3.1
1998,33,34.59,8,4.5
1998,34.5757,29.7644,28.1,4.3
1998,36.3337,37.8613,9,3.9
1998,34.9317,32.9176,11,3
1998,35.1988,27.0607,5,3.4
1998,38.988,38.278,10,5.1
1998,30.58,35.98,20,3.8
1998,35.0023,30.2294,3,3.3
1998,32.8577,29.5512,25,4.1
1998,30.4999,37.0864,101.6,4.1
1998,36.4379,30.0723,35,3.4
1998,36.2,31.07,1,3.8
1998,32.8479,30.2179,1,3.3
1998,39.68,39.84,9,3.1
1998,35.52,36.96,18,6.6
1998,33.6814,36.6865,5.8,4.1
1998,35.86,36.16,15,3.9
1998,31.49,35.61,5,3.9
1998,33.9658,34.4555,25,4.3
1998,36.61,30.23,35,3.3
1998,36.4,31.88,38,3
1998,31.21,36.09,8,4.3
1998,39.261,39.715,10,4.1
1998,36.6935,33.9203,5,3.2
1998,30.931,35.26,33,3.6
1998,33.9322,39.7042,14,3.9
1998,37.0053,36.9263,5.4,4.4
1998,36.8375,38.7174,10,3.6
1998,34.3716,37.9709,33.6,4.3
1998,31.1706,36.7925,91,4.1
1998,39.89,39.01,5,4
1998,36.7,30.4,23,3.8
1998,36.32,37.3,7,3.2
1998,34.719,28.6917,5,3.9
1998,30.805,37.095,10,3
1998,31.799,35.62,10,3.9
1998,36.12,31.57,35,3.8
1998,34.63,29.7,16,4.7
1998,30.778,37.72,6,3.9
1998,35.1597,27.4209,6,3.2
1998,38.21,37.64,11,3.9
1998,35.57,39.59,5,3.8
1998,33.72,31.12,2,4.1
1998,34.27,37.73,1,4.4
1998,35.72,38.95,5,4.9
1998,35.5431,31.3289,11,3.4
1998,35.6297,32.7768,2,3.4
1998,32.8548,38.8414,10,4.1
1998,33.915,35.896,10,4.3
1999,39.82,38.26,31,4.4
1999,31.497,36.404,33,3.1
1999,35.429,37.799,10,3.5
1999,30.755,35.563,40,3.3
1999,34.7066,28.7999,5,4.3
1999,30.599,38.471,10,3.9
1999,35.14,33.78,8,4.3
1999,34.191,36.642,33,3.2
1999,38.613,38.063,10,4.1
1999,31.04,36.75,27,4.2
1999,34.4637,33.533,25,3.5
1999,31.06,37.29,5,3.4
1999,32.6994,33.1249,25,3.8
1999,32.223,35.862,10,3
1999,30.621,35.318,25,3.1
1999,32.93,35.41,16,3.3
1999,33.858,34.972,55.1,3
1999,30.97,35.67,8,3.3
1999,38.307,39.4,10,5.4
1999,39.91,39.06,5,3.8
1999,35.6347,33.1502,4,3.9
1999,38.176,37.77,8,4.2
1999,39.21,38.52,10,5
1999,37.03,36.98,13,4.7
1999,36.57,30.33,43,3.8
1999,32.01,33.71,31,3.2
1999,31.24,36.18,31,4.9
1999,32.09,35.72,21,3.8
1999,31.76,36.73,6,4.3
1999,32.39,35.26,8,4
1999,33.8882,28.1292,5,4.3
1999,31.18,35.46,1,3.1
1999,31.402,34.574,15,3.2
1999,32.131,34.478,10,5.6
1999,35.39,32.411,10.8,4.3
1999,33.8625,34.6913,25,4.3
1999,38.898,39.06,2,4
1999,36.67,39.49,9,5.1
1999,34.7672,28.3128,5,4.9
1999,34.376,32.643,9,3.4
1999,34.91,31.461,22.4,3.4
1999,35.7412,34.0285,5,4
1999,36.625,34.478,9.4,3.7
1999,34.802,29.358,5.6,3.4
1999,30.892,37.714,6.2,4.3
1999,38.239,38.209,19.3,4
1999,33.818,35.909,33,4
1999,32.701,28.479,25,3.2
1999,33.802,29.113,3,3.2
1999,34.29,29.79,19,3.3
1999,37.23,36,3,3.8
1999,38.856,39.776,10,4
1999,31.8,38.62,29,4
1999,39.61,39.94,10,4.3
1999,39.935,38.732,10,3.9
1999,32.45,35.59,5,4
1999,32.941,34.764,37.1,5.6
1999,30.5,39.8,10,4.1
1999,33.77,38.92,50.5,4.1
1999,32.62,39.61,8,5
1999,31.76,36.48,31,3
1999,30.58,38.12,9,4.1
1999,30.62,35.2,31,4.8
1999,33.3197,28.7379,7,4
1999,39.53,39.47,1,4
1999,31.182,35.664,25,3.3
1999,38.53,37.51,16,4.8
1999,37.681,35.475,5,3.6
1999,33.1,38.26,1,3.3
1999,33.228,38.842,10,4.1
1999,30.55,36.24,70,4.2
1999,35.936,29.35,10,4.2
1999,34.8964,28.9139,14,4.8
1999,34.622,29.444,5,4.4
1999,31.567,28.604,10,4.5
1999,37.677,37.409,10,3.1
1999,37.113,37.845,10,4
1999,34.9829,30.3999,9,4.6
1999,32.01,37.97,15,4.3
1999,31.895,35.764,33,3.9
1999,36.33,37.3,5,4.4
1999,36.91,37.19,6,3.9
1999,38.24,38.01,10,3.3
1999,36.009,37.726,0.1,4.2
1999,35.692,31.248,10.3,3
1999,39.27,38.6,10,4
1999,31.752,38.553,10,3.1
1999,33.62,34.52,32,3.8
1999,31.96,36.24,11,4.2
1999,31.606,35.248,25,3
1999,31.42,36.5,7,3.4
1999,31.451,36.083,33,3.2
1999,31.8712,30.217,5,3.9
1999,35.018,38.164,13,3.3
2000,38.76,38.43,19,4.2
2000,34.8335,27.9043,7,3
2000,39.85,39.57,5,3.8
2000,39.564,39.894,10,3.9
2000,39.791,38.665,10,3.2
2000,36.47,36.81,6,4
2000,38.18,38.84,4,3.8
2000,31.566,37.147,10,3.1
2000,31.538,34.157,5,4.4
2000,34.056,39.996,28.8,4.6
2000,34.4379,29.547,5,4
2000,31.2,35.37,24,3.9
2000,32.579,37.588,10,3.6
2000,33.057,27.3121,3,3.3
2000,35.504,32.108,4,3.1
2000,37.045,36.89,11,3
2000,30.681,39.012,10,3.1
2000,30.808,35.986,66.9,4.6
2000,32.555,38.839,10,3.9
2000,34.611,33.665,25,3.3
2000,30.2,36.58,59,3.9
2000,37.32,37.636,9,4.5
2000,34.258,36.67,1,4.1
2000,34.216,28.693,99.8,3.4
2000,34.8237,28.8025,5,4.9
2000,31.986,35.675,25,3.1
2000,34.4055,29.9772,13,4
2000,37.004,39.723,10,3.8
2000,33.398,35.554,25,3.3
2000,38.91,38.12,8,4.9
2000,32.486,33.765,25,4.2
2000,35.574,32.091,22.4,3.2
2000,39.931,38.593,10,3.3
2000,35.952,34.254,5,3.1
2000,36.07,37.82,5,3.3
2000,35.29,36.22,18,4.6
2000,38.201,39.261,10,3.9
2000,32.21,34.67,11,3.8
2000,31.2,35.3,11,3.4
2000,32.8489,28.1429,6,4.5
2000,33.24,28.542,18,4.2
2000,32.103,29.855,8,4.2
2000,31.8,36.32,14,4.2
2000,35.5806,31.476,12,3.8
2000,36.17,37.47,4,4.2
2000,37.91,38.57,94,4.2
2000,35.611,32.877,10,3.1
2000,35.049,29.378,22.9,3.7
2000,38.27,35.98,5,3.9
2000,31.52,36.73,5,4.1
2000,30.38,37.01,9,3.9
2000,32.024,35.283,53.6,3.2
2000,32.51,35.98,23,3.2
2000,32.19,34.57,25,4
2000,32.547,29.652,23,3.9
2000,36.53,30.37,23,3.4
2000,39.57,39.73,8,3.8
2000,37.464,37.587,0.4,3
2000,31.052,37.846,10,3.9
2000,33.0817,27.4435,25,3
2000,35.6444,34.1792,5,4
2000,38.096,37.624,10,3
2000,36.9,30.16,23,3
2000,33.906,34.568,25,3
2000,34.212,28.553,3,3.4
2000,36.856,39.534,10.9,3.8
2000,32.53,35.46,9,3.9
2000,34.793,34.014,5.4,3.1
2000,31.159,35.94,10,3.8
2000,36.795,37.08,2,3
2000,33.09,37.01,9,3.9
2000,30.57,39.8,8,3.6
2000,39.34,39.81,24,3.9
2000,38.739,37.38,6,3
2000,32.063,34.973,10,3
2000,34.13,36.81,4,4
2000,34.04,34.76,25,3
2000,33.29,34.8,29,4.2
2000,32.7375,28.9412,25,4.7
2000,31.213,35.229,25,3
2000,32.1,36.81,5,3
2000,30.228,36.036,33,3.1
2000,32.074,34.422,25,3.1
2000,36.477,30.26,35,3.2
2000,33.34,33.38,39,4.7
2000,34.7619,28.1034,6,4.6
2000,35.009,28.612,10,4.7
2000,32.4,34.69,66.7,3.7
2000,32.35,35.13,2,3.8
2000,38.553,38.017,7,4.1
2001,32.9397,27.8785,5,4.3
2001,32.1,35.8,22,3.9
2001,31.326,36.968,11,3.8
2001,35.8,28.8,1,3.3
2001,36.533,30.221,33,4.1
2001,31.46,36.27,43,3.8
2001,34.14,35.97,15,4.1
2001,39.571,38.7,2.1,4
2001,34.88,37.16,10,4.2
2001,35.838,29.337,4,3.3
2001,30.398,35.838,10,3
2001,30.17,37.75,10,4.5
2001,35.15,36.05,23,3.2
2001,34.9232,29.2625,9,4.3
2001,39.832,37.985,4.7,3.8
2001,33.638,34.259,15,3.2
2001,39.266,38.19,8.8,4.6
2001,38.652,39.495,5,3.8
2001,30.517,32.991,33,3.1
2001,30.689,35.124,10,4
2001,31.3,35.29,10,3.9
2001,33.76,38.53,4,4.4
2001,33.98,37.979,11,3.9
2001,32.56,36.11,19,3.4
2001,31.79,33.198,25,3
2001,30.32,31.2,9,3
2001,37.4,38.31,6,4.4
2001,34.039,34.552,18.7,3.1
2001,36.14,35.91,14,4
2001,33.547,36.74,11,3.8
2001,37.531,37.03,10,3.8
2001,32.7132,34.7213,9,4.2
2001,32.73,35.25,12,4.3
2001,30.68,36.07,20,4.1
2001,35.637,32.704,9.2,3.8
2001,39.07,39.05,9,3.4
2001,38.12,38.07,10,4
2001,35.6,36.47,3,4.4
2001,35.9264,33.911,5,4.3
2001,35.24,35.71,14,4.6
2001,33.834,34.772,26.5,3.1
2001,39.98,38.76,8,4.5
2001,32.18,34.61,15,4.1
2001,33.553,34.498,25,3
2001,31.691,35.699,25,3.2
2001,31.04,29.625,10,4.4
2001,31.402,34.635,25,3
2001,32.705,33.765,25,3.8
2001,33.738,35.21,45,3
2001,34.09,37.93,10,4.4
2001,36.39,37.91,10,3.2
2001,34.11,36.04,19,4.4
2001,36.28,37.12,27,5.8
2001,35.614,31.606,19,3.3
2001,38.848,36.137,33,4.4
2001,32.816,28.489,6,3.3
2001,35.105,31.463,2,3.1
2001,30,38,15,5
2001,33.517,34.435,25,3.6
2001,32.73,39.92,5,3.8
2001,34.7853,28.7887,5,4.3
2001,32.29,34.38,7,4
2001,31.169,35.467,25,4.1
2001,31.69,35.34,5,4.1
2001,33.102,34.775,23,3
2001,34.11,34.4266,25,4.2
2001,33.81,35.01,62,4.5
2001,39.91,38.64,6,4.7
2001,31.1,36.07,11,4.3
2001,33.455,28.046,6,3
2001,35.2805,32.6077,13,3.8
2001,35.119,37.376,50,3.3
2001,35.443,31.889,6,3.1
2001,32.33,35.99,10,4.9
2001,35.2799,30.4704,9,4.3
2001,35.37,36.78,19,5.1
2001,34.8764,29.2947,9,3.9
2001,32.858,28.354,25,3
2001,30.18,35.48,2,3
2001,31.29,36.57,17,4.3
2001,32.06,34.83,40,4.2
2001,32.57,35.24,8,4.4
2001,32.1371,30.2162,25,4
2001,31.414,35.595,62,4.2
2001,38.64,37.51,10,3.8
2001,32.097,34.345,25,3.3
2001,34.1744,30.3141,2,4.1
2001,33.22,34.48,10,4
2001,39.43,37.9,23,4.8
2001,37.28,37.42,4,3.8
2001,31.946,35.343,25,3
2001,30.946,29.82,10,4.6
2001,33.2901,28.6832,6,4.3
2001,35.551,31.726,15,3.2
2001,35.65,35.16,14,4
2001,32.171,34.337,23.3,3.2
2001,34.7309,27.9045,6,4.5
2001,32.33,29.447,6,3.4
2002,38.68,39.44,45,3.8
2002,34.684,28.767,6,3.1
2002,34.854,34.203,5,3.3
2002,35.42,34.52,10,3.1
2002,31.277,35.065,25,3
2002,31.44,37.61,1,4.3
2002,39.468,32.061,15,4.3
2002,30,37,15,3
2002,30.886,37.359,11,3.9
2002,31.271,38.573,5,6.5
2002,32.23,34.308,25,3.3
2002,34.59,36.98,10,3.9
2002,33.4882,27.3261,6,3.1
2002,33.765,34.979,49.4,3.1
2002,32.278,33.244,44,4.4
2002,35.4686,32.0686,2,3.9
2002,35.6636,28.096,1,3.2
2002,30.78,35.41,8,3.9
2002,33.454,39.944,6,3.9
2002,33.99,38.23,10,4.4
2002,36.079,39.62,5,3.9
2002,34.7928,28.9476,14,4.3
2002,33.4861,34.4955,25,4.2
2002,31.62,35.44,13,4.3
2002,36.382,34.296,7.1,3
2002,30.075,35.765,33,3.1
2002,38.426,39.531,5,4.2
2002,30.51,37.76,49,4.4
2002,31.668,36.508,10,3.1
2002,33.8638,27.2495,5,3.3
2002,30.98,36.27,10,4.3
2002,32.689,34.075,25,3
2002,32.59,35.22,66.2,4.4
2002,38.176,37.928,5,3.8
2002,34.62,36.85,10,4.4
2002,30.48,36.49,29,4.2
2002,32.832,34.541,10,3.3
2002,38.68,38.03,10,3.8
2002,34.487,28.369,1,3.2
2002,32.083,36.16,25,3.1
2002,30.866,35.708,15.3,3.2
2002,32.06,34.59,15,4.3
2002,36.08,39.14,7,4.1
2002,37.37,34.72,25,4.4
2002,31.528,36.596,25,3.2
2002,35.55,32.052,7,3.1
2002,37.38,39.67,10,3.2
2002,33.33,34.94,10,3.9
2002,35.612,31.503,27.2,3.1
2002,36.24,38.46,7,3.8
2002,31.48,36.02,1,4.2
2002,33.851,34.821,45.6,3.7
2002,39.31,38.31,10,4
2002,36.6,39.53,6,4
2002,30.851,37.104,124.4,4.5
2002,35.681,32.998,11.3,3.1
2002,33.451,33.802,25,3
2002,31.556,37.341,25,3.1
2002,34.568,33.893,25,3
2002,31.43,35.29,40,4.4
2002,31.197,37.742,7,3.9
2002,33.541,34.218,25,3.1
2002,38.69,38.17,6,4.6
2002,34.18,27.86,10,3.4
2002,36.32,37.87,5,4
2002,37.191,35.81,28.2,3.2
2002,38.15,38.87,15,4.3
2002,35.36,38.88,10,3.9
2002,32.27,36.643,9,3.8
2002,37.307,37.137,9,5.1
2002,31.442,30.322,18.4,4.4
2002,38.789,37.622,3,3.2
2002,32.351,33.766,25,3.2
2002,37.9283,35.8743,25,4.8
2002,37.232,35.237,9.8,4.3
2002,36.83,36.64,10,3.9
2002,35.11,34.72,18,3
2002,30.647,35.156,25,3.3
2002,35.3008,27.089,3,3.1
2002,35.06,37.3,6,4.1
2002,38.839,36.153,6,4
2002,34.136,37.826,32,3.9
2002,36.206,34.6341,19,3.3
2002,36.2512,34.2236,9.2,4
2002,32.679,34.4,14,3
2002,33.8339,35.1789,25,3.3
2002,33.3718,35.7561,48.6,3.3
2002,35.5,39.78,6,4
2002,31.907,34.525,25,3.5
2002,34.3782,29.8323,12.3,3.3
2002,31.11,36.61,18,4
2002,35.5093,32.1488,17.9,3.4
2002,30.47,36.54,30,4
2002,34.3638,36.7557,4,3.8
2002,32.64,35.18,68.4,4.6
2002,31.0984,35.6739,66.5,4.2
2002,33.42,34.47,6,3.8
2002,32.1913,34.4207,23.5,3.5
2002,34.8581,28.3928,5,4.3
2002,39.7055,34.9105,5,4.5
2002,33.393,35.253,35,3.4
2002,34.45,34.12,25,3.2
2002,34.1539,34.6027,28.2,3.4
2002,34.61,34.73,50,3.6
2002,38.42,38.05,10,4.8
2002,34.7678,27.8957,4,4.5
2002,36.31,35.96,14,4.5
2002,33.8,34.82,44,3.1
2002,34.7669,28.9646,10,3.8
2002,31.69,35.77,32,3.2
2002,30.25,37.43,6,3.8
2002,32.2312,30.0229,25,3.8
2002,30.3677,35.8814,77.6,3.9
2002,36.19,37.46,29.2,5.1
2002,33.13,37.08,10,3.9
2002,32.33,35.83,10,3.1
2002,35.0002,27.0781,5,3.4
2003,36.1348,30.0084,10,3
2003,39.2,38.43,8,4
2003,35.4281,28.8153,23,3.4
2003,35.5165,37.6026,15,3.8
2003,32.1716,28.6784,20,3.8
2003,33.8994,35.568,31.4,3.4
2003,32.2294,35.5921,71.3,3.3
2003,36.5,36.57,13,4.2
2003,39.77,39.48,10,6.3
2003,33.769,34.332,25,3.2
2003,36.74,30.1,23,3.3
2003,32.1492,34.3013,21,3.8
2003,34.8529,28.948,5,3.9
2003,32.759,39.994,10,3
2003,32.04,34.84,20,3.3
2003,32.5881,35.771,55,3.1
2003,30.39,35.37,25,3.5
2003,34.0211,38.2056,4.4,4.4
2003,35.617,36.3189,21.9,3.8
2003,38.8,37.45,10,3.9
2003,30.5832,37.1625,27,3.9
2003,31.23,34.29,27,3
2003,31.31,34.672,21,3.7
2003,31.912,35.269,25,4.3
2003,39.57,37.84,9,3.9
2003,39.11,39.95,10,4.6
2003,36.67,35.41,15,3.9
2003,30.79,35.96,10,3.9
2003,32.586,28.314,3,3.4
2003,30.949,36.6355,101.3,4.4
2003,38.12,36.57,6,4
2003,32.608,29.266,5,3
2003,37.395,34.781,16.8,3.2
2003,35.75,38.99,10,4.4
2003,31.57,36.93,11,5.5
2003,32.97,34.05,25,3.1
2003,34.643,28.251,6,3
2003,34.44,35.02,46,4.8
2003,39.93,38.77,10,4.1
2003,34.02,33.56,5,3.4
2003,31.382,34.249,32,3
2003,32.0423,34.5085,25,3.5
2003,31.057,34.575,25,3.5
2003,34.7108,28.8321,10,3.4
2003,35.7374,34.2822,30.1,3
2003,30.77,35.97,16,4.4
2003,31.4731,36.0106,1.9,3
2003,34.8384,28.3422,6,3.8
2003,32.551,29.824,3,3.1
2003,31.4269,34.9913,25,3.2
2003,38.98,38.33,6,5.6
2003,36.3473,35.8395,11.5,3.9
2003,35.025,37.2713,8.3,3.4
2003,32.251,34.825,20,3.3
2003,31.18,35.47,58,4.5
2003,34.7025,28.8396,2,4.2
2003,32.588,36.635,15.9,3.1
2003,35.8108,37.4306,9,4
2003,32.311,35.11,31,3.1
2003,35.8889,37.8801,3,4
2003,32.459,29.945,1,3.1
2003,36.37,37.66,15,4.2
2003,35.54,39.68,8,3.8
2003,32.663,28.959,6,3
2003,32.116,30.265,3,3.1
2003,35.6018,37.0572,13,3.4
2003,32.1625,34.4163,29.9,3.4
2003,32.8913,39.553,10,3.9
2003,36.5144,33.7605,9.6,3.1
2003,34.97,37.22,27,3.9
2003,38.16,39.62,2,4.8
2003,33.17,34.32,3,3.8
2003,31.98,36.08,16,3.1
2003,32.14,33.8,25,3
2003,30.54,39.8,11,3.9
2003,33.6293,27.6434,5,3
2003,38.3044,38.961,6,3.9
2003,32.009,34.765,32,3.1
2003,36.3413,34.1153,7.8,3
2003,35.4016,33.3101,6.7,3.2
2003,34.61,34.26,33,4.1
2003,34.3374,38.41,10,4.1
2003,33.17,34.89,26,4.7
2003,31.1493,34.8631,24.5,3
2003,32.121,34.341,25,3
2003,31.719,36.126,14,3
2003,32.217,34.687,25,3.1
2003,31.675,35.091,3,3.2
2003,36.34,37.05,16,4.4
2003,36.576,33.9229,10,3
2003,33.9263,34.6828,52.5,3.1
2003,36.107,36.2717,9.2,3.8
2003,34.5658,33.7604,1.9,3
2003,33.1757,39.8233,4,3.3
2003,31.1418,35.3454,33,3.2
2003,35.96,36.72,21,3.3
2003,30.7247,37.4979,6,3
2003,31.6881,36.1401,7.3,3.3
2003,35.4254,33.289,8.6,3.1
2003,34.0642,28.1304,18,4.3
2003,34.6294,28.2412,18,3.9
2003,34.248,27.142,5,3.2
2003,31.69,33.55,62,4.3
2004,34.0376,34.4499,25,3.2
2004,35.57,36.34,10,3.2
2004,32.09,34.62,10,4.2
2004,37.013,28.584,25,3
2004,31.45,35.9,7,3.8
2004,33.92,34.92,20,4.3
2004,37.009,39.505,10,3.1
2004,37.4359,37.712,10,3.9
2004,32.6182,37.528,14.4,3.3
2004,32.6,39.19,10,4.6
2004,36.529,33.998,10,4.2
2004,35.47,31.668,22.8,5.3
2004,36.1936,37.5004,12,4
2004,35.469,36.9123,27.1,3.9
2004,33.4779,27.2311,6,4.2
2004,30.53,35.96,11,5.1
2004,38.24,38.01,6,5.2
2004,30.4,37.22,30,3.9
2004,33.7088,34.5196,5,3.4
2004,31.87,35.137,21,3.6
2004,32.4913,35.7903,8.3,3.4
2004,36.9757,37.3985,10.9,3.8
2004,35.1024,35.8362,11,3.1
2004,30.94,34.6,27,4.6
2004,34.7664,34.2158,31.9,3.4
2004,31.49,36.73,133,3.9
2004,34.827,27.665,5,3.4
2004,34.5282,28.2696,5,3.8
2004,34.76,36.82,9,4.1
2004,32.4545,34.4878,1.4,3.1
2004,32.345,35.099,15,3.5
2004,34.21,34.53,56,3.8
2004,33.22,34.41,14,4.5
2004,34.7937,28.8537,5,3.8
2004,39.05,39.93,5,4.3
2004,36.31,37.49,11,4.3
2004,35.6263,32.9557,15,3
2004,34.4112,27.1436,7,3.3
2004,36.5831,33.7526,2,4.3
2004,30.2,38.43,7,4.5
2004,31.13,35.47,60,4.4
2004,36.7612,28.0701,11.5,3.1
2004,33.9604,27.9531,4,4.1
2004,30.444,37.071,5,3.8
2004,37.5291,27.1946,6,4.8
2004,35.82,37.14,10,3.4
2004,35,37.21,27,3.8
2004,32.5196,29.4859,25,3.9
2004,31.7277,34.274,33,3.3
2004,32.09,35.12,9,3.7
2004,32.8329,34.8005,11.8,3.1
2004,33.95,39.65,5,4.7
2004,32.897,37.5776,5,3.3
2004,34.3654,34.8022,10,3.4
2004,30.94,37.24,106,3.8
2004,35.2571,32.4697,10,4.3
2004,39.261,38.377,7.4,5.7
2004,30.83,37.79,7,3
2004,34.35,36.81,8,4.8
2004,32.2213,36.243,9,3.3
2004,32.5298,34.588,13.5,3.8
2004,31.18,35.94,10,3.7
2004,34.12,37.3496,3.7,3.8
2004,31.22,38.68,10,4.6
2004,34.8385,29.0093,3,3.8
2004,35.6794,38.8934,5,3.8
2004,34.2199,28.3055,10,3.4
2004,38.51,39.64,10,4.5
2004,36.97,38.8,10,3.8
2004,30.32,36.94,6,4.4
2004,35.5872,37.1187,24.6,4
2004,33.9662,34.68,25,4.2
2004,31.6935,35.1612,32.2,3.1
2004,31.61,35.73,71,4
2004,33.24,34.33,43.7,5
2004,38.96,39.95,4,3.2
2004,34.4182,29.9466,13,4.2
2004,35.5876,33.1656,6.8,3.8
2004,34.0555,35.2143,30.3,3.2
2004,32.2841,34.399,25,4.1
2004,36.642,36.77,5.3,3.8
2004,32.83,35.09,54,4.1
2004,31.7629,36.2608,75.4,3
2004,34.9502,28.8925,10,4.1
2004,31.6898,30.4242,22.7,3.2
2004,30.83,37.8482,4,3.8
2004,36.75,39.792,6.4,4.4
2004,33.81,39.03,4,3.9
2004,32.1,34.42,39,4.3
2004,30.875,35.066,25,3
2004,38.7304,37.584,2,3.8
2005,31.725,35.311,21,3
2005,32.2109,37.7442,5,3.8
2005,35.221,36.6377,23.7,4.2
2005,33.1847,39.599,3.8,3.9
2005,33.9597,27.2489,3,3.4
2005,37.6,34.467,10,4.3
2005,37.5055,34.9485,10,3.2
2005,35.4918,31.1593,11,4.3
2005,35.1844,28.898,5,4.3
2005,36.2586,37.1993,3,3.8
2005,30.8312,36.0505,19.9,3.8
2005,32.997,34.847,25,3.3
2005,30.766,35.475,25,3.1
2005,39.932,38.696,8,3.8
2005,30.8942,37.998,5,4
2005,31.287,36.2225,22.4,3.8
2005,39.516,39.6813,3.1,3.8
2005,34.3162,38.7115,5,3.9
2005,33.531,35.273,25,3.7
2005,36.2874,35.8336,3,4.2
2005,32.7868,33.1136,39.5,4.3
2005,31.905,29.621,10,4.4
2005,32.54,35.24,42,4.6
2005,32.8982,34.8214,8,3.3
2005,34.2426,34.7454,27,3.2
2005,30.968,35.256,25,3
2005,34.2329,27.3595,6,4.1
2005,32.1823,34.6251,20.5,3.1
2005,31.068,36.034,10,4.2
2005,31.5307,35.655,23.6,5.1
2005,30.7803,38.6217,5,4.7
2005,35.2132,38.1935,3,3.8
2005,31.6842,34.6838,11.1,3.2
2005,39.13,35.38,10,4.8
2005,30.7093,36.8738,67,3
2005,35.4144,31.2936,11,4.3
2005,35.0232,30.2794,10.4,3.3
2005,31.3029,34.9444,33,3.9
2005,32.7483,34.6969,8,3.5
2005,37.8177,35.4802,31.8,3.8
2005,32.015,34.685,25,3.4
2005,31.4228,36.9238,21.1,3.8
2005,36.4768,37.5125,11,3
2005,36.04,39.12,5,4.5
2005,30.9713,37.9944,5,3.4
2005,33.926,34.9048,19.8,4.1
2005,32.9627,35.7325,25.6,3.7
2005,34.7099,28.9886,15,4
2005,35.5563,38.3104,5,4.1
2005,39.4807,37.7845,15.4,3.8
2005,30.91,36.98,116,3.1
2005,34.7889,27.5356,6,3.4
2005,34.5404,28.0013,24.4,3.6
2005,35.94,37.007,10,3.9
2005,36.4314,35.7291,20.3,3.9
2005,39.1549,39.8778,5,3.8
2005,33.11,39.42,15,5.4
2005,31.0999,29.748,32.6,4.4
2005,36.4479,34.8242,10,3.8
2005,31.4978,34.954,33,3.6
2005,32.5395,34.2042,67.2,3.3
2005,30.917,34.777,25,4.1
2005,35.0283,36.4415,47.4,3.8
2005,35.508,33.426,4.2,3.2
2005,34.398,35.5568,11.9,3.1
2005,35.2557,30.2642,22.7,3.3
2005,31.0847,36.7623,69.1,3.3
2005,31.0106,35.98,33,3.2
2005,35.1855,37.5943,18,3.8
2005,35.5219,32.0051,31.5,4.4
2005,31.885,34.3812,14,3
2005,31.8102,35.0984,26.1,3.5
2005,32.97,34.847,10,4.3
2005,34.6184,28.7532,11.3,3
2005,30.9065,35.2469,33,3.2
2005,37.5959,35.3055,2.9,3.5
2005,37.38,35.68,13,3.9
2005,34.4093,37.0967,3.7,3.8
2005,36.2722,37.1408,11.1,4.2
2005,31.1726,39.0315,2,3.8
2005,30.43,37.04,43,4.3
2005,33.916,34.961,45,3.2
2005,34.751,27.5101,6,3.4
2005,32.5,34.47,37,3.3
2005,38.8255,38.2897,9.4,5.5
2005,32.273,35.129,20,3.8
2005,32,34.566,25,3.3
2005,34.8306,29.1748,10,3.4
2005,33.0938,28.9296,6,4.4
2006,30.69,38.67,1,3.2
2006,38.0381,37.6296,10.7,3.8
2006,38.748,39.738,10,4.3
2006,39.5269,38.4693,3.7,3.8
2006,34.765,36.672,4,4.3
2006,30.548,36.611,10,4.3
2006,35.9305,36.8754,11,4.4
2006,34.9038,27.2428,5,3.5
2006,34.381,28.0884,2,4.5
2006,31.567,35.9642,2.1,3.2
2006,34.1452,33.7922,35,3.1
2006,31.13,34.714,55,3.3
2006,32.1576,34.3887,28,3.5
2006,32.311,35.117,15,3.2
2006,37.1576,39.0296,10,4.3
2006,31.1019,36.3092,35,3.4
2006,32.9021,34.577,17.7,3.2
2006,35.9603,35.9988,20.6,3.7
2006,31.0995,35.7724,1.8,3.8
2006,32.3091,35.5854,40,3
2006,35.1461,37.9072,1.7,3.8
2006,33.6979,34.8427,53.3,3.1
2006,30.1557,38.1108,10,4
2006,35.5673,33.1879,10.8,3.8
2006,35.3723,33.6395,31.9,3.3
2006,35.52,35.3,38,5
2006,31.8079,38.5495,7,4.2
2006,39.5203,39.7898,20.2,3.8
2006,32.1895,34.3387,31.8,4.2
2006,33.9467,34.7256,37.8,3
2006,32.4976,34.8047,2,3
2006,34.72,37.33,1,4.3
2006,32.11,35.62,15,3.2
2006,35.1735,35.7288,19,3
2006,37.2059,37.4355,8.4,3.8
2006,35.2018,34.1584,2,4.3
2006,30.3565,38.5317,5,3.4
2006,39.0912,37.2752,5,3.9
2006,31.549,35.4045,32.4,3.9
2006,34.5994,30.3728,12.2,3.2
2006,30.5994,36.1232,15.8,3.2
2006,36.0573,39.1272,5,3.3
2006,33.6007,35.9007,14.8,3
2006,39.4436,39.9366,1.8,3.8
2006,38.9936,39.6616,6,4
2006,33.614,34.076,25,3.3
2006,30.0817,37.0855,70.5,3
2006,30.6411,34.891,68.2,4.2
2006,36.6328,39.3323,13.5,3.8
2006,32.2673,35.5149,35,3
2006,33.9241,37.8637,10,3.9
2006,33.929,34.061,25,3.4
2006,33.0836,34.4664,0.7,3.1
2006,38.178,38.034,9.6,4.3
2006,33.176,35.172,52.1,3.9
2006,38.6959,37.5057,6.2,3.8
2006,30.0134,37.0734,10,3.8
2006,32.307,35.093,30,3.1
2006,33.648,35.304,25,3
2006,30.934,35.904,63.1,3.1
2006,39.8095,39.4364,5.8,3.9
2006,32.033,34.841,10,3.1
2006,32.1452,34.4198,35,3.3
2006,38.198,35.1182,13,4.3
2006,36.2762,29.8211,10,3
2006,37.374,39.712,6.2,4.3
2006,33.1265,39.4155,5.3,3
2006,35.5148,31.9889,10,4.5
2006,34.4819,35.246,54.9,3
2006,33.571,34.353,16,3
2006,34.5699,33.4304,24,3.8
2006,31.0175,35.8997,10.6,3.8
2006,32.31,36.88,16,4.2
2006,35.56,35.87,18.3,4.6
2006,34.0008,34.7922,27.3,4.9
2006,31.808,35.855,25,3.8
2006,33.3233,34.4767,32.8,3.4
2006,32.1046,34.4911,32.5,3.4
2006,38.5334,36.8929,9.4,3.8
2006,39.7041,39.6164,1.7,4.3
2006,31.6436,28.5768,10,4.5
2006,36.5516,39.455,3,3.8
2006,33.767,33.933,45,3.3
2006,36.1597,37.0813,11.9,3.1
2006,31.23,36.272,79.4,3.9
2006,32.618,35.445,51,3
2006,32.312,35.665,10,3.2
2006,38.6147,36.077,6.3,3
2006,30.353,36.923,5,4.4
2006,31.4515,35.7157,31.8,4
2006,37.9227,37.9455,4.2,3.9
2006,33.677,34.322,15,3.4
2006,34.7413,36.8803,25.3,3.1
2006,32.3066,34.3088,49.7,4.2
2007,31.4646,38.8103,10,3.7
2007,32.267,35.357,25,3.2
2007,31.2023,35.2163,23.1,5.1
2007,32.5819,34.8494,28.6,3.5
2007,37.0786,37.4453,5,3.9
2007,33.3344,36.9577,9.6,3
2007,37.3495,39.6798,10,4
2007,34.1154,36.2906,25.3,3.2
2007,31.089,34.5681,10,3
2007,35.4508,36.9522,24.6,3.9
2007,35.5323,31.0937,10,4.5
2007,36.9891,33.689,10,3.8
2007,34.0798,39.8043,10,4.5
2007,31.8708,35.9842,11.6,3
2007,39.3354,38.3401,4.8,5.7
2007,35.8585,37.432,21,4.3
2007,31.149,36.6603,65.4,3.3
2007,38.1856,39.2793,10,4
2007,32.5365,37.4298,9.5,3.8
2007,39.8198,35.7593,7.5,4.3
2007,35.884,36.5433,8,4.2
2007,33.3334,35.0222,59.3,3.8
2007,33.2935,34.3483,32.5,3.2
2007,38.5287,39.6588,5.4,3.5
2007,33.507,39.2227,10,3.8
2007,30.3401,30.2476,10,3.4
2007,35.731,38.0675,3,3.8
2007,30.923,38.005,5.8,5.1
2007,34.8554,27.7075,6,3
2007,31.243,38.583,8.2,4.2
2007,36.4677,37.8559,1.5,3.8
2007,31.8017,35.6605,4.2,3.9
2007,32.0647,34.1242,5.2,3.3
2007,31.9202,34.9924,2,3.3
2007,36.6061,36.6079,7.2,4
2007,38.964,39.9177,2.6,4
2007,33.4205,32.4636,35,3
2007,35.5378,38.8831,10,3.8
2007,33.261,37.321,15,4.9
2007,33.4,35.1,51,3.1
2007,32.0861,34.5491,57.7,3.2
2007,32.74,34.778,20,3.1
2007,35.754,35.9888,6.9,4.2
2007,32.4032,35.2988,55.5,3.1
2007,37.8418,37.4438,7,3
2007,38.7859,35.1263,17.4,3.2
2007,35.8452,36.9761,10.2,3.8
2007,39.5618,39.8109,10,3.8
2007,39.873,36.5563,7.7,4.1
2007,32.1894,35.6469,35,3.2
2007,36.0479,39.0881,10,3.4
2007,32.573,38.77,4.8,4.3
2007,32.6897,34.3742,29.7,3.9
2007,34.1583,34.521,10.3,3.3
2007,31.391,36.03,10.4,4.2
2007,38.5839,39.5474,10,4.2
2007,34.8693,33.5033,10,3.2
2007,32.3042,34.7995,5,4
2007,31.165,36.575,46,3.1
2007,34.0155,38.2717,0.7,3.9
2007,37.4308,38.1383,5,4.8
2007,33.757,35.71,56,3
2007,37.512,39.523,7.2,3.8
2007,33.5137,34.882,11.2,4.3
2007,33.5639,34.362,7.9,3
2007,36.3144,37.747,4.6,3.8
2007,30.9531,37.0119,111,3.3
2007,36.6367,38.5296,10,3.8
2007,31.7285,31.8128,10,3.1
2007,36.9407,37.7916,10.8,4.5
2007,39.9792,39.4737,2.8,3
2007,34.3705,28.644,4,3.3
2007,35.4055,37.499,6.8,3.9
2007,33.817,28.0612,3.5,3.1
2007,31.227,35.214,25,3
2007,33.8757,37.912,10,4
2007,36.2987,37.1274,5,3.8
2007,31.9921,34.4023,32,3
2007,33.671,34.338,23.1,3.2
2007,32.871,34.447,20,3.1
2007,32.116,35.982,25,3
2007,30.8305,30.0438,10,3
2007,32.4235,39.3552,0.5,3.8
2007,31.1087,36.8088,86.2,3.7
2007,31.2192,32.1826,35,3.3
2007,31.1939,35.3892,9.8,3.7
2007,32.725,34.877,10,3
2007,35.5915,31.6498,5.8,4.6
2007,32.4193,34.5336,10,3.8
2007,34.3208,36.6948,6.7,3.1
2007,31.9923,34.3789,5.9,3.2
2007,34.9007,31.8486,11,4.4
2007,30.2524,35.3307,35,3.2
2007,38.2148,36.1625,7.6,3.8
2007,31.0923,37.3242,141.1,3.9
2007,33.1496,35.2365,64.2,3
2007,39.62,36.036,5,3
2007,33.0159,28.3435,15,3.2
2007,34.5568,28.1605,10,3.1
2007,31.6917,35.6578,18.3,3.5
2007,34.87,28.84,1,4.3
2007,33.05,38.83,5,5
2007,39.997,39.2558,5,3.2
2007,34.5658,37.0677,8.1,3.2
2007,33.212,39.417,10,5.7
2007,31.0446,35.8618,14.3,3.3
2007,30.9275,37.9168,5,3.8
2007,32.407,37.025,3.1,3.4
2007,35.7263,37.5237,4,4.3
2007,36.2988,37.5038,7.4,3.9
2008,36.2551,32.0732,8,3
2008,30.6009,37.2346,8,3.8
2008,33.57,34.279,16,3.2
2008,38.1238,38.0342,3.7,3.8
2008,38.6157,39.5397,5,3.1
2008,31.7575,36.6442,5.4,3.8
2008,33.0694,34.6045,14,3.3
2008,36.0235,36.9893,5.1,3.8
2008,33.1677,35.1115,22.1,3.3
2008,36.7398,36.8747,7.1,3.8
2008,37.8075,35.146,8.8,4
2008,39.7632,39.3507,5,3.3
2008,35.7766,35.9104,11.9,3.2
2008,32.341,35.069,30,3.2
2008,35.3305,33.3222,10,5.2
2008,31.569,35.9845,10.2,4.3
2008,38.599,37.3063,9.5,3.3
2008,35.5561,37.0915,22.3,3.8
2008,31.552,35.152,10,3.2
2008,38.9292,36.883,5,3.8
2008,32.936,35.121,51,3.1
2008,33.8566,35.1089,54.8,3.5
2008,31.4436,30.1197,10,3
2008,34.7002,27.6506,10,3
2008,32.1282,34.3653,16.7,5
2008,32.968,34.771,40,3.3
2008,35.2423,27.3473,10,3.1
2008,30.2653,37.0377,95.8,3
2008,34.5535,36.5052,6.8,3.9
2008,34.6196,37.0681,5.7,3.9
2008,33.8591,34.6706,18.3,3.4
2008,34.7073,28.7704,8.2,4.4
2008,34.6349,35.7338,15.6,3.1
2008,30.9745,37.155,100.1,3.8
2008,31.5402,35.1245,31,3.1
2008,34.0269,36.298,1.8,3.8
2008,36.4529,38.7837,12,3.8
2008,33.207,28.526,15,3.4
2008,33.5038,34.617,16.7,3.3
2008,34.8748,34.338,5,3.9
2008,36.7693,33.6621,15.9,3.1
2008,35.1816,37.4669,10,3.8
2008,35.0728,38.4048,5,3.2
2008,33.3983,27.759,15,3.2
2008,34.3364,27.2864,10,4.3
2008,38.9763,39.6327,10,4.3
2008,32.8392,34.1775,6.1,4.5
2008,31.2693,38.5547,5,3.4
2008,31.9549,34.9424,20,3.3
2008,31.052,36.109,14.8,3
2008,31.447,35.836,5,3.2
2008,35.9515,36.6908,7.6,3.9
2008,30.637,29.782,6.2,3.9
2008,38.5502,38.146,1.2,3.9
2008,37.5455,39.5367,10,4.2
2008,39.6687,39.6205,14.7,3.7
2008,31.5125,35.3012,59.5,4
2008,33.946,34.8765,55.6,3.4
2008,32.6142,33.7462,25,3.7
2008,30.932,37.9799,0.5,4.2
2008,32.519,34.8663,15,3.2
2008,31.0648,35.812,9.5,3.8
2008,32.81,35.2828,7.7,3
2008,33.184,34.684,15,3
2008,37.463,37.711,5,4.4
2008,34.0445,34.8433,27,3
2008,35.767,37.481,35,3.6
2008,38.4985,37.5092,5.7,5.3
2008,33.1027,35.0461,48.3,3.3
2008,36.2046,37.6684,10,3.9
2008,33.1523,27.7774,5,3.1
2008,39.8858,39.9997,5.4,3
2008,31.683,35.8807,88.1,4.5
2008,38.0452,34.6448,17.8,3.6
2008,39.85,39.55,5,3
2008,30.0755,36.6605,62.6,4.4
2008,38.8398,38.3083,2,3.1
2008,31.17,35.44,35,3
2008,33.664,34.094,11,3
2008,38.2488,35.29,7.8,3.2
2008,33.971,34.859,26.2,4.3
2008,33.948,35.548,55,3.5
2008,30.3418,37.1065,84.3,4.3
2008,30.9915,35.9943,11.7,3.8
2008,35.7813,36.134,15.3,3.8
2008,32.142,34.332,45,3
2008,30.8352,35.0227,5,4
2008,33.9567,34.3307,30.8,3
2008,35.536,38.834,10,5.1
2008,32.9159,34.651,10,3.6
2008,33.394,34.741,16,3.1
2008,32.4991,35.1979,40.4,3
2008,39.0952,39.9546,10,3.9
2008,32.7097,37.1147,5.4,3
2008,30.3087,35.7072,41.2,3.3
2008,36.3367,39.2712,5,3.1
2008,38.6702,38.2153,8.5,3.1
2009,32.719,34.635,40,3.1
2009,33.1506,34.163,24.9,4.4
2009,37.9608,37.9053,4.6,3
2009,36.313,37.096,5.6,4.6
2009,31.4022,38.8278,3.4,3.3
2009,34.4565,32.5114,10,3.9
2009,33.3333,38.7153,8.1,4.1
2009,35.4756,27.9063,10,3.2
2009,35.6548,36.4107,24.6,3.9
2009,35.6357,37.5831,14.7,3.8
2009,31.4768,36.1328,31.9,3.9
2009,31.024,35.9237,55.1,3
2009,33.8443,39.5595,2.8,3.8
2009,39.2484,37.5597,14.5,3.1
2009,32.726,34.864,16,3
2009,33.5988,34.5623,5.9,3.2
2009,30.5407,37.789,12.8,3
2009,33.792,35.151,46,3.2
2009,32.583,34.555,46,3.2
2009,36.925,33.7754,15.1,3
2009,34.12,34.738,14,3.1
2009,38.1317,38.005,3.9,3.5
2009,32.0226,34.4313,34.7,3.7
2009,37.6213,35.9128,2.8,3.1
2009,32.059,34.851,24,3.1
2009,33.4237,35.5678,21.3,4
2009,35.7391,33.1588,2,3
2009,32.335,35.469,41,3.7
2009,31.4952,32.4506,37.6,3
2009,32.4602,39.381,13.2,3.8
2009,38.7627,38.7273,6.3,3.8
2009,32.9226,34.8401,61.3,3.5
2009,33.9134,34.9438,43.3,3.2
2009,33.5856,34.7391,60,3
2009,35.4206,33.3455,6.5,3.1
2009,34.7327,37.6872,5.4,3.8
2009,30.4235,37.4932,8,3.3
2009,34.3945,36.545,12.9,3.3
2009,32.4229,35.003,8,3.3
2009,35.7182,34.0717,29.4,3.2
2009,32.8036,33.809,50.9,3
2009,38.62,38.19,5.5,3
2009,34.8642,28.217,14,3
2009,35.1724,28.4331,7,3
2009,30.931,35.774,11.1,3.6
2009,33.8864,34.9007,45.6,3.1
2009,32.029,34.697,51,3
2009,31.45,35.05,9,3.1
2009,38.8685,39.7493,5.4,3.6
2009,31.9212,37.424,3.2,3.8
2009,31.8448,35.8339,16.1,3
2009,33.085,39.4622,4,3.9
2009,34.64,27.26,20,4.2
2009,36.0173,36.1321,16.8,5
2009,30.0781,35.9525,31.2,4.5
2009,31.5327,34.7939,26.1,3.1
2009,30.9063,35.1135,4.9,3
2009,31.1758,35.353,9.1,3.1
2009,33.8224,35.0212,58.8,3.3
2009,38.765,38.236,5,4.3
2009,35.348,33.305,10,4.1
2009,32.771,34.23,12,3.1
2009,36.1238,37.0582,11,3.2
2009,37.6514,35.7876,11.5,4
2009,30.4707,35.1767,32.5,3.1
2009,35.6842,37.555,6.4,4.9
2009,39.726,39.588,10,5
2009,34.1106,34.8898,30,3
2009,36.4648,37.8808,7.2,3.3
2009,34.4262,35.9328,13.2,3.2
2009,30.8245,36.1825,10.7,4
2009,36.5442,36.6235,7,3
2009,32.483,37.953,5,4.9
2009,32.4091,34.573,5,3.3
2009,36.8438,39.319,5,3.1
2009,33.13,34.78,27,4.9
2009,30.824,36.653,25.4,4.3
2009,33.949,34.771,24,3.4
2009,34.1077,39.995,3.4,3
2009,36.9961,37.4493,2.3,3.9
2009,36.0807,37.0936,5.5,3.6
2009,31.878,38.5092,5,3
2009,32.7912,39.1145,2.8,3.3
2009,30.35,34.96,26,3
2009,32.071,34.49,32,3.3
2009,34.9814,27.5823,13,3.5
2009,30.04,35.98,15,4.5
2009,30.6703,35.3601,8.3,3.9
2009,36.283,39.3885,8.1,3
2009,38.4163,37.6212,5,3.2
2009,39.3323,38.4715,7.7,3.2
2009,38.1457,38.0822,4.8,3.4
2009,31.5347,35.7334,51.7,5.3
2009,30.7782,34.6557,10.6,3
2009,34.6294,28.8208,1,4.2
2010,32.9967,39.4863,2.4,3
2010,39.5517,38.9155,2,3
2010,37.9669,39.5572,12,4.4
2010,32.4337,35.195,8.4,3.8
2010,35.5592,37.536,5,4.2
2010,34.8017,33.5055,18,3.9
2010,39.1383,39.8875,5.5,4.4
2010,33.6646,27.6239,15,4
2010,39.7385,38.6612,6.5,3.5
2010,38.9947,38.8985,5,3.6
2010,35.62,32.9131,13,3.9
2010,30.3472,38.5792,5,3.9
2010,31.6158,36.75,24.5,3.9
2010,30.6835,35.7397,11.6,3.5
2010,37.1895,37.3043,9.3,4.2
2010,31.0787,35.1082,80.1,3.1
2010,30.785,34.384,38.3,3.8
2010,36.3973,34.88,7.4,3.6
2010,38.5257,37.417,9,3.7
2010,38.0425,38.7023,2.5,3.6
2010,34.5974,27.8358,10,3.5
2010,36.1357,37.7032,7.7,3.7
2010,30.4178,36.147,25.6,3.5
2010,34.7589,28.9686,9,3
2010,30.023,34.733,38,3.9
2010,30.3523,36.9698,7.3,4.3
2010,32.88,34.99,35,4.7
2010,35.1968,39.23,5.5,3.6
2010,35.592,37.546,6.5,4.4
2010,30.8605,36.0598,14,3.7
2010,39.7158,39.9698,5.1,3.1
2010,31.2785,36.4605,50.1,3.8
2010,39.035,38.068,7,4.7
2010,33.14,39.383,5,3.6
2010,35.3041,30.3965,10,3.8
2010,31.0438,35.9937,17.9,3.9
2010,31.7332,35.8283,9.7,4
2010,37.2995,36.1968,10.7,3.8
2010,35.9983,36.595,5.9,5
2010,35.4431,33.1173,3,3.9
2010,36.4127,37.3082,6.1,4.7
2010,35.4137,31.5158,5,3.8
2010,30.045,34.79,25.6,4.3
2010,38.52,35.27,4,3.8
2010,34.9096,27.2963,10,4.2
2010,31.2332,36.1447,9.6,3.9
2010,35.1267,34.005,18.6,3.6
2011,35.6338,32.6605,3,3.4
2011,31.7563,35.4757,59.8,4.3
2011,32.1397,35.9983,30,3.5
2011,32.8823,34.6312,5,3.6
2011,34.129,28.031,10,3.3
2011,33.8744,33.8067,31,3.8
2011,37.0353,34.7325,3.2,4
2011,34.537,34.9442,10.9,3.9
2011,30.483,37.304,7.7,3.5
2011,32.32,34.58,31,4.3
2011,30.962,35.1185,5,3.9
2011,37.9028,38.9563,4.9,3.9
2011,30.0377,35.9197,7,3.5
2011,31.3392,36.0152,60,4.2
2011,35.5662,33.3495,4.6,3.5
2011,31.7967,35.6503,34.3,3.8
2011,32.904,34.372,1,3.8
2011,39.64,38.578,6.1,5.2
2011,30.9837,37.053,110.4,3.8
2011,35.8743,37.3605,16.3,4.7
2011,34.5611,27.0028,1,3.5
2011,31.957,38.32,10,4.8
2011,34.8644,27.996,2,4
2011,34.4731,32.5686,30,4.4
2011,34.5448,33.1818,5,4.3
2011,30.071,35.875,22.8,4.2
2011,35.9123,39.077,5,4.7
2011,39.965,39.4908,5,4.5
2011,31.146,35.737,9.3,4.6
2011,30.1175,38.0352,5,4
2011,30.9023,36.3507,28.7,3.2
2011,38.851,39.7872,5,5.5
2011,35.1603,38.0003,5,4.5
2011,30.182,35.57,49.9,4.4
2011,32.1029,35.7299,30,4.1
2011,34.7526,28.5025,4,3.6
2011,34.6315,34.0523,22.9,3.7
2011,34.4982,34.6722,22,3.1
2011,35.5821,33.159,11,4.2
2011,30.197,38.869,5,4.2
2011,30.3208,36.9805,79.8,3.8
2012,30.964,38.578,5,3.6
2012,35.311,39.419,5,3.7
2012,38.6755,37.4807,6.3,3.7
2012,30.561,29.867,10,4.3
2012,37.4392,38.6392,5,5
2012,32.453,34.752,41.9,3.9
2012,32.7404,27.2463,32,3.6
2012,31.4067,35.3338,10.8,4.7
2012,35.415,31.3087,23,3.5
2012,30.0045,38.5842,5.6,3.2
2012,37.0245,36.9585,8,4.5
2012,34.1202,27.0374,10,3.5
2012,33.731,36.041,5,3.2
2012,32.9742,34.6105,10,4.4
2012,34.1317,34.2275,18.7,5.5
2012,35.7791,35.4128,2,3.6
2012,38.6068,38.1292,2.6,4.7
2012,33.9024,27.1456,10,3.6
2012,30.4905,36.1835,24.1,4.2
2012,31.0533,35.7727,5.4,4.9
2012,35.3503,33.3202,2,3.9
2012,36.384,37.546,7.6,5
2012,34.27,34.817,46.6,4.5
2012,35.125,29.9551,9,3.7
2012,34.7386,27.6363,11,3.5
2012,33.748,39.371,4.9,4.4
2012,35.0641,29.2621,8,3.6
2012,30.979,32.539,9.5,5.1
2012,31.345,36.586,30,4.3
2012,37.1003,37.2665,14.8,5.1
2012,39.852,39.488,5,4.5
2012,38.3708,37.4712,8.7,3.5
2012,35.089,29.9118,8,3.7
2012,35.715,37.508,6.6,3.9
2013,37.952,37.81,10,4.4
2013,30.623,31.98,10,4.9
2013,32.6074,27.6802,32,4.2
2013,34.583,35.992,17.5,4.2
2013,32.36,29.0914,30,3.3
2013,36.9515,35.7869,1,3.8
2013,34.3608,27.8036,1,3.6
2013,33.4229,27.969,10,4.2
2013,31.6647,35.6378,14,4
2013,35.6808,37.4167,10.01,3.6
2013,33.0428,28.4354,32,4.9
2013,37.3287,38.6253,5,4
2013,37.1075,38.092,4.6,3.4
2013,32.2052,39.3917,5.5,3.7
2013,35.89,36.03,17.4,4.1
2013,38.909,38.3837,8.4,3.7
2013,30.6133,38.453,4.6,3.6
2013,35.5559,31.7567,16,3.8
2013,33.9961,34.7132,5,3.9
2013,35.5706,32.8569,5,3.8
2013,34.3252,36.3023,5,4.6
2013,31.487,35.0495,55.51,3.3
2013,36.217,37.4222,5.4,4.4
2013,32.0834,35.2741,20,4.2
2013,39.3675,38.4692,6.1,3
2013,30.6052,35.1081,48.4,4.2
2013,31.1494,36.9447,123.16,4.5
2013,31.3152,36.0396,35.71,5.9
2013,38.3425,37.8592,7.9,3.3
2014,32.0057,35.701,8.7,3.5
2014,35.6345,32.9242,8,3.9
2014,32.7204,34.7238,12,4.2
2014,36.08,36.74,10,4.7
2014,36.382,37.422,6.3,4.4
2014,30.0478,39.0298,5,3.7
2014,35.175,36.785,6.7,4.2
2014,34.6642,28.0929,2,4.3
2014,31.8096,38.3944,21.88,4.3
2014,34.7695,27.5615,6,4.4
2014,34.0116,34.3851,30,3.2
2014,38.63,38.1,10,4.4
2014,32.9552,28.1913,30,3
2014,39.211,38.4345,6.6,3.8
2014,37.351,39.465,5,4.3
2014,35.3005,30.4765,20,4.2
2014,35.462,34.1747,8,3.7
2014,32.1474,35.7892,63.99,4.5
2014,33.9098,35.1228,54.56,3
2014,34.6424,33.403,18,3.8
2014,35.5598,33.559,1,4.2
2014,30.215,36.083,5,4.3
2014,32.4114,30.1728,10,4.3
2014,32.1492,29.7388,5,4.7
2014,36.681,39.4825,5,3.1
2014,30.6288,37.683,7.4,5.1
2014,36.8968,37.113,10.1,3.7
2014,36.1504,33.7734,10,3.5
2014,38.78,39.09,10,4.2
2014,35.6011,35.3715,10,4.2
2014,32.1904,33.7761,25,3.9
2014,34.2228,34.7749,9,3.8
